,x,y,z
0,-239.53125,-239.53125,11.0
1,-239.53125,-239.53125,9.5
2,-239.53125,-239.53125,8.0
3,-239.53125,-239.53125,6.5
4,-239.53125,-239.53125,5.0
5,-239.53125,-239.53125,3.5
6,-239.53125,-239.53125,2.0
7,-239.53125,-239.53125,0.5
8,-239.53125,-239.53125,-1.0
9,-239.53125,-239.53125,-2.5
10,-239.53125,-239.53125,-4.0
11,-239.53125,-239.53125,-5.5
12,-239.53125,-239.53125,-7.0
13,-239.53125,-239.53125,-8.5
14,-239.53125,-239.53125,-10.0
15,-239.53125,-239.53125,-11.5
16,-239.53125,-239.53125,-13.0
17,-239.53125,-239.53125,-14.5
18,-239.53125,-239.53125,-16.0
19,-239.53125,-239.53125,-17.5
20,-239.53125,-239.53125,-19.0
21,-239.53125,-239.53125,-20.5
22,-239.53125,-239.53125,-22.0
23,-239.53125,-239.53125,-23.5
24,-239.53125,-239.53125,-25.0
25,-239.53125,-239.53125,-26.5
26,-239.53125,-239.53125,-28.0
27,-239.53125,-239.53125,-29.5
28,-239.53125,-239.53125,-31.0
29,-239.53125,-239.53125,-32.5
30,-239.53125,-239.53125,-34.0
31,-239.53125,-239.53125,-35.5
32,-239.53125,-239.53125,-37.0
33,-239.53125,-239.53125,-38.5
34,-239.53125,-239.53125,-40.0
35,-239.53125,-239.53125,-41.5
36,-239.53125,-239.53125,-43.0
37,-239.53125,-239.53125,-44.5
38,-239.53125,-239.53125,-46.0
39,-239.53125,-239.53125,-47.5
40,-239.53125,-239.53125,-49.0
41,-239.53125,-239.53125,-50.5
42,-239.53125,-239.53125,-52.0
43,-239.53125,-239.53125,-53.5
44,-239.53125,-239.53125,-55.0
45,-239.53125,-239.53125,-56.5
46,-239.53125,-239.53125,-58.0
47,-239.53125,-239.53125,-59.5
48,-239.53125,-239.53125,-61.0
49,-239.53125,-239.53125,-62.5
50,-239.53125,-239.53125,-64.0
51,-239.53125,-239.53125,-65.5
52,-239.53125,-239.53125,-67.0
53,-239.53125,-239.53125,-68.5
54,-239.53125,-239.53125,-70.0
55,-239.53125,-239.53125,-71.5
56,-239.53125,-239.53125,-73.0
57,-239.53125,-239.53125,-74.5
58,-239.53125,-239.53125,-76.0
59,-239.53125,-239.53125,-77.5
60,-239.53125,-239.53125,-79.0
61,-239.53125,-239.53125,-80.5
62,-239.53125,-239.53125,-82.0
63,-239.53125,-239.53125,-83.5
64,-239.53125,-239.53125,-85.0
65,-239.53125,-239.53125,-86.5
66,-239.53125,-239.53125,-88.0
67,-239.53125,-239.53125,-89.5
68,-239.53125,-239.53125,-91.0
69,-239.53125,-239.53125,-92.5
70,-239.53125,-239.53125,-94.0
71,-239.53125,-239.53125,-95.5
72,-239.53125,-239.53125,-97.0
73,-239.53125,-239.53125,-98.5
74,-239.53125,-239.53125,-100.0
75,-239.53125,-239.53125,-101.5
76,-239.53125,-239.53125,-103.0
77,-239.53125,-239.53125,-104.5
78,-239.53125,-239.53125,-106.0
79,-239.53125,-239.53125,-107.5
80,-239.53125,-239.53125,-109.0
81,-239.53125,-239.53125,-110.5
82,-239.53125,-239.53125,-112.0
83,-239.53125,-239.53125,-113.5
84,-239.53125,-239.53125,-115.0
85,-239.53125,-239.53125,-116.5
86,-239.53125,-239.53125,-118.0
87,-239.53125,-239.53125,-119.5
88,-239.53125,-239.53125,-121.0
89,-239.53125,-239.53125,-122.5
90,-239.53125,-239.53125,-124.0
91,-239.53125,-239.53125,-125.5
92,-239.53125,-239.53125,-127.0
93,-239.53125,-239.53125,-128.5
94,-239.53125,-239.53125,-130.0
95,-239.53125,-239.53125,-131.5
96,-239.53125,-239.53125,-133.0
97,-239.53125,-239.53125,-134.5
98,-239.53125,-239.53125,-136.0
99,-239.53125,-239.53125,-137.5
100,-239.53125,-239.53125,-139.0
101,-239.53125,-239.53125,-140.5
102,-239.53125,-239.53125,-142.0
103,-239.53125,-239.53125,-143.5
104,-239.53125,-239.53125,-145.0
105,-239.53125,-239.53125,-146.5
106,-239.53125,-239.53125,-148.0
107,-239.53125,-239.53125,-149.5
108,-239.53125,-239.53125,-151.0
109,-239.53125,-239.53125,-152.5
110,-239.53125,-239.53125,-154.0
111,-239.53125,-239.53125,-155.5
112,-239.53125,-239.53125,-157.0
113,-239.53125,-239.53125,-158.5
114,-239.53125,-239.53125,-160.0
115,-239.53125,-239.53125,-161.5
116,-239.53125,-239.53125,-163.0
117,-239.53125,-239.53125,-164.5
118,-239.53125,-239.53125,-166.0
119,-239.53125,-239.53125,-167.5
120,-239.53125,-239.53125,-169.0
121,-239.53125,-239.53125,-170.5
122,-239.53125,-239.53125,-172.0
123,-239.53125,-239.53125,-173.5
124,-239.53125,-239.53125,-175.0
125,-239.53125,-239.53125,-176.5
126,-239.53125,-239.53125,-178.0
127,-239.53125,-239.53125,-179.5
128,-239.53125,-239.53125,-181.0
129,-239.53125,-239.53125,-182.5
130,-239.53125,-239.53125,-184.0
131,-239.53125,-239.53125,-185.5
132,-239.53125,-239.53125,-187.0
133,-239.53125,-239.53125,-188.5
134,-239.53125,-239.53125,-190.0
135,-239.53125,-239.53125,-191.5
136,-239.53125,-239.53125,-193.0
137,-239.53125,-239.53125,-194.5
138,-239.53125,-239.53125,-196.0
139,-239.53125,-239.53125,-197.5
140,-239.53125,-239.53125,-199.0
141,-239.53125,-239.53125,-200.5
142,-239.53125,-239.53125,-202.0
143,-239.53125,-239.53125,-203.5
144,-239.53125,-239.53125,-205.0
145,-239.53125,-239.53125,-206.5
146,-239.53125,-239.53125,-208.0
147,-239.53125,-239.53125,-209.5
148,-239.53125,-239.53125,-211.0
149,-239.53125,-239.53125,-212.5
150,-239.53125,-239.53125,-214.0
151,-239.53125,-239.53125,-215.5
152,-239.53125,-239.53125,-217.0
153,-239.53125,-239.53125,-218.5
154,-239.53125,-239.53125,-220.0
155,-239.53125,-239.53125,-221.5
156,-239.53125,-239.53125,-223.0
157,-239.53125,-239.53125,-224.5
158,-239.53125,-239.53125,-226.0
159,-239.53125,-239.53125,-227.5
160,-239.53125,-239.53125,-229.0
161,-239.53125,-239.53125,-230.5
162,-239.53125,-239.53125,-232.0
163,-239.53125,-239.53125,-233.5
164,-239.53125,-239.53125,-235.0
165,-239.53125,-239.53125,-236.5
166,-239.53125,-239.53125,-238.0
167,-239.53125,-239.53125,-239.5
168,-239.53125,-239.53125,-241.0
169,-239.53125,-239.53125,-242.5
170,-239.53125,-239.53125,-244.0
171,-239.53125,-239.53125,-245.5
172,-239.53125,-239.53125,-247.0
173,-239.53125,-239.53125,-248.5
174,-239.53125,-239.53125,-250.0
175,-239.53125,-239.53125,-251.5
176,-239.53125,-239.53125,-253.0
177,-239.53125,-239.53125,-254.5
178,-239.53125,-239.53125,-256.0
179,-239.53125,-239.53125,-257.5
180,-239.53125,-239.53125,-259.0
181,-239.53125,-239.53125,-260.5
182,-239.53125,-239.53125,-262.0
183,-239.53125,-239.53125,-263.5
184,-239.53125,-239.53125,-265.0
185,-239.53125,-239.53125,-266.5
186,-239.53125,-239.53125,-268.0
187,-239.53125,-239.53125,-269.5
188,-239.53125,-239.53125,-271.0
189,-239.53125,-239.53125,-272.5
190,-239.53125,-239.53125,-274.0
191,-239.53125,-239.53125,-275.5
192,-239.53125,-239.53125,-277.0
193,-239.53125,-239.53125,-278.5
194,-239.53125,-239.53125,-280.0
195,-239.53125,-239.53125,-281.5
196,-239.53125,-239.53125,-283.0
197,-239.53125,-239.53125,-284.5
198,-239.53125,-239.53125,-286.0
199,-239.53125,-239.53125,-287.5
200,-239.53125,-239.53125,-289.0
201,-239.53125,-239.53125,-290.5
202,-239.53125,-239.53125,-292.0
203,-239.53125,-239.53125,-293.5
204,-239.53125,-239.53125,-295.0
205,-239.53125,-239.53125,-296.5
206,-239.53125,-239.53125,-298.0
207,-239.53125,-239.53125,-299.5
208,-239.53125,-239.53125,-301.0
209,-239.53125,-239.53125,-302.5
210,-239.53125,-239.53125,-304.0
211,-239.53125,-239.53125,-305.5
212,-239.53125,-239.53125,-307.0
213,-239.53125,-239.53125,-308.5
214,-239.53125,-239.53125,-310.0
215,-239.53125,-239.53125,-311.5
216,-239.53125,-239.53125,-313.0
217,-239.53125,-239.53125,-314.5
218,-239.53125,-239.53125,-316.0
219,-239.53125,-239.53125,-317.5
220,-239.53125,-239.53125,-319.0
221,-239.53125,-239.53125,-320.5
222,-239.53125,-239.53125,-322.0
223,-239.53125,-239.53125,-323.5
224,-239.53125,-239.53125,-325.0
225,-239.53125,-239.53125,-326.5
226,-239.53125,-239.53125,-328.0
227,-239.53125,-239.53125,-329.5
228,-239.53125,-239.53125,-331.0
229,-239.53125,-239.53125,-332.5
230,-239.53125,-239.53125,-334.0
231,-239.53125,-239.53125,-335.5
232,-239.53125,-239.53125,-337.0
233,-239.53125,-239.53125,-338.5
234,-239.53125,-239.53125,-340.0
235,-239.53125,-239.53125,-341.5
236,-239.53125,-239.53125,-343.0
237,-239.53125,-239.53125,-344.5
238,-239.53125,-239.53125,-346.0
239,-239.53125,-239.53125,-347.5
240,-239.53125,-239.53125,-349.0
241,-239.53125,-239.53125,-350.5
242,-239.53125,-239.53125,-352.0
243,-239.53125,-239.53125,-353.5
244,-239.53125,-239.53125,-355.0
245,-239.53125,-239.53125,-356.5
246,-239.53125,-239.53125,-358.0
247,-239.53125,-239.53125,-359.5
248,-239.53125,-239.53125,-361.0
249,-239.53125,-239.53125,-362.5
250,-239.53125,-239.53125,-364.0
251,-239.53125,-239.53125,-365.5
252,-239.53125,-239.53125,-367.0
253,-239.53125,-239.53125,-368.5
254,-239.53125,-239.53125,-370.0
255,-239.53125,-239.53125,-371.5
256,-239.53125,-239.53125,-373.0
257,-239.53125,-239.53125,-374.5
258,-239.53125,-239.53125,-376.0
259,-239.53125,-239.53125,-377.5
260,-239.53125,-239.53125,-379.0
261,-239.53125,-239.53125,-380.5
262,-239.53125,-239.53125,-382.0
263,-239.53125,-239.53125,-383.5
264,-239.53125,-239.53125,-385.0
265,-239.53125,-239.53125,-386.5
266,-239.53125,-239.53125,-388.0
267,-239.53125,-239.53125,-389.5
268,-239.53125,-239.53125,-391.0
269,-239.53125,-239.53125,-392.5
270,-239.53125,-239.53125,-394.0
271,-239.53125,-239.53125,-395.5
272,-239.53125,-239.53125,-397.0
273,-239.53125,-239.53125,-398.5
274,-239.53125,-239.53125,-400.0
275,-239.53125,-239.53125,-401.5
276,-239.53125,-239.53125,-403.0
277,-239.53125,-239.53125,-404.5
278,-239.53125,-239.53125,-406.0
279,-239.53125,-239.53125,-407.5
280,-239.53125,-239.53125,-409.0
281,-239.53125,-239.53125,-410.5
282,-239.53125,-239.53125,-412.0
283,-239.53125,-239.53125,-414.0
284,-239.53125,-239.53125,-415.5
285,-239.53125,-239.53125,-417.0
286,-239.53125,-239.53125,-418.5
287,-239.53125,-239.53125,-420.0
288,-239.53125,-239.53125,-421.5
289,-239.53125,-239.53125,-423.0
290,-239.53125,-239.53125,-424.5
291,-239.53125,-239.53125,-426.0
292,-239.53125,-239.53125,-427.5
293,-239.53125,-239.53125,-429.0
294,-239.53125,-239.53125,-430.5
295,-239.53125,-239.53125,-432.0
296,-239.53125,-239.53125,-433.5
297,-239.53125,-239.53125,-435.0
298,-239.53125,-239.53125,-436.5
299,-239.53125,-239.53125,-438.0
300,-239.53125,-239.53125,-439.5
301,-239.53125,-239.53125,-441.0
302,-239.53125,-239.53125,-442.5
303,-239.53125,-239.53125,-444.0
304,-239.53125,-239.53125,-445.5
305,-239.53125,-239.53125,-447.0
306,-239.53125,-239.53125,-448.5
307,-239.53125,-239.53125,-450.0
308,-239.53125,-239.53125,-451.5
309,-239.53125,-239.53125,-453.0
310,-239.53125,-239.53125,-454.5
311,-239.53125,-239.53125,-456.0
312,-239.53125,-239.53125,-457.5
313,-239.53125,-239.53125,-459.0
314,-239.53125,-239.53125,-460.5
315,-239.53125,-239.53125,-462.0
316,-239.53125,-239.53125,-463.5
317,-239.53125,-239.53125,-465.0
318,-239.53125,-239.53125,-466.5
319,-239.53125,-239.53125,-468.0
320,-239.53125,-239.53125,-469.5
321,-239.53125,-239.53125,-471.0
322,-239.53125,-239.53125,-472.5
323,-239.53125,-239.53125,-474.0
324,-239.53125,-239.53125,-475.5
325,-239.53125,-239.53125,-477.0
326,-239.53125,-239.53125,-478.5
327,-239.53125,-239.53125,-480.0
328,-239.53125,-239.53125,-481.5
329,-239.53125,-239.53125,-483.0
330,-239.53125,-239.53125,-484.5
331,-239.53125,-239.53125,-486.0
332,-239.53125,-239.53125,-487.5
333,-239.53125,-239.53125,-489.0
334,-239.53125,-239.53125,-490.5
335,-239.53125,-239.53125,-492.0
336,-239.53125,-239.53125,-493.5
337,-239.53125,-239.53125,-495.0
338,-239.53125,-239.53125,-496.5
339,-239.53125,-239.53125,-498.0
340,-239.53125,-239.53125,-499.5
341,-239.53125,-239.53125,-501.0
342,-239.53125,-239.53125,-502.5
343,-239.53125,-239.53125,-504.0
344,-239.53125,-239.53125,-505.5
345,-239.53125,-239.53125,-507.0
346,-239.53125,-239.53125,-508.5
347,-239.53125,-239.53125,-510.0
348,-239.53125,-239.53125,-511.5
349,-239.53125,-239.53125,-513.0
350,-239.53125,-239.53125,-514.5
351,-239.53125,-239.53125,-516.0
352,-239.53125,-239.53125,-517.5
353,-239.53125,-239.53125,-519.0
354,-239.53125,-239.53125,-520.5
355,-239.53125,-239.53125,-522.0
356,-239.53125,-239.53125,-523.5
357,-239.53125,-239.53125,-525.0
358,-239.53125,-239.53125,-526.5
359,-239.53125,-239.53125,-528.0
360,-239.53125,-239.53125,-529.5
361,-239.53125,-239.53125,-531.0
362,-239.53125,-239.53125,-532.5
363,-239.53125,-239.53125,-534.0
364,-239.53125,-239.53125,-535.5
365,-239.53125,-239.53125,-537.0
366,-239.53125,-239.53125,-538.5
367,-239.53125,-239.53125,-540.0
368,-239.53125,-239.53125,-541.5
369,-239.53125,-239.53125,-543.0
370,-239.53125,-239.53125,-544.5
371,-239.53125,-239.53125,-546.0
372,-239.53125,-239.53125,-547.5
373,-239.53125,-239.53125,-549.0
374,-239.53125,-239.53125,-550.5
375,-239.53125,-239.53125,-552.0
376,-239.53125,-239.53125,-553.5
377,-239.53125,-239.53125,-555.0
378,-239.53125,-239.53125,-556.5
379,-239.53125,-239.53125,-558.0
380,-239.53125,-239.53125,-559.5
381,-239.53125,-239.53125,-561.0
382,-239.53125,-239.53125,-562.5
383,-239.53125,-239.53125,-564.0
384,-239.53125,-239.53125,-565.5
385,-239.53125,-239.53125,-567.0
386,-239.53125,-239.53125,-568.5
387,-239.53125,-239.53125,-570.0
388,-239.53125,-239.53125,-571.5
389,-239.53125,-239.53125,-573.0
390,-239.53125,-239.53125,-574.5
391,-239.53125,-239.53125,-576.0
392,-239.53125,-239.53125,-577.5
393,-239.53125,-239.53125,-579.0
394,-239.53125,-239.53125,-580.5
395,-239.53125,-239.53125,-582.0
396,-239.53125,-239.53125,-583.5
397,-239.53125,-239.53125,-585.0
398,-239.53125,-239.53125,-586.5
399,-239.53125,-239.53125,-588.0
400,-239.53125,-239.53125,-589.5
401,-239.53125,-239.53125,-591.0
402,-239.53125,-239.53125,-592.5
403,-239.53125,-239.53125,-594.0
404,-239.53125,-239.53125,-595.5
405,-239.53125,-239.53125,-597.0
406,-239.53125,-239.53125,-598.5
407,-239.53125,-239.53125,-600.0
408,-239.53125,-239.53125,-601.5
409,-239.53125,-239.53125,-603.0
410,-239.53125,-239.53125,-604.5
411,-239.53125,-239.53125,-606.0
412,-239.53125,-239.53125,-607.5
413,-239.53125,-239.53125,-609.0
414,-239.53125,-239.53125,-610.5
415,-239.53125,-239.53125,-612.0
416,-239.53125,-239.53125,-613.5
417,-239.53125,-239.53125,-615.0
418,-239.53125,-239.53125,-616.5
419,-239.53125,-239.53125,-618.0
420,-239.53125,-239.53125,-619.5
421,-239.53125,-239.53125,-621.0
422,-239.53125,-239.53125,-622.5
423,-239.53125,-239.53125,-624.0
424,-239.53125,-239.53125,-625.5
425,-239.53125,-239.53125,-627.0
426,-239.53125,-239.53125,-629.0
427,-239.53125,-239.53125,-630.5
428,-239.53125,-239.53125,-632.0
429,-239.53125,-239.53125,-633.5
430,-239.53125,-239.53125,-635.0
431,-239.53125,-239.53125,-636.5
432,-239.53125,-239.53125,-638.0
433,-239.53125,-239.53125,-639.5
434,-239.53125,-239.53125,-641.0
435,-239.53125,-239.53125,-642.5
436,-239.53125,-239.53125,-644.0
437,-239.53125,-239.53125,-645.5
438,-239.53125,-239.53125,-647.0
439,-239.53125,-239.53125,-648.5
440,-239.53125,-239.53125,-650.0
441,-239.53125,-239.53125,-651.5
442,-239.53125,-239.53125,-653.0
443,-239.53125,-239.53125,-654.5
444,-239.53125,-239.53125,-656.0
445,-239.53125,-239.53125,-657.5
446,-239.53125,-239.53125,-659.0
447,-239.53125,-239.53125,-660.5
448,-239.53125,-239.53125,-662.0
449,-239.53125,-239.53125,-663.5
450,-239.53125,-239.53125,-665.0
451,-239.53125,-239.53125,-666.5
452,-239.53125,-239.53125,-668.0
453,-239.53125,-239.53125,-669.5
454,-239.53125,-239.53125,-671.0
455,-239.53125,-239.53125,-672.5
456,-239.53125,-239.53125,-674.0
457,-239.53125,-239.53125,-675.5
458,-239.53125,-239.53125,-677.0
459,-239.53125,-239.53125,-678.5
460,-239.53125,-239.53125,-680.0
461,-239.53125,-239.53125,-681.5
462,-239.53125,-239.53125,-683.0
463,-239.53125,-239.53125,-684.5
464,-239.53125,-239.53125,-686.0
465,-239.53125,-239.53125,-687.5
466,-239.53125,-239.53125,-689.0
467,-239.53125,-239.53125,-690.5
468,-239.53125,-239.53125,-692.0
469,-239.53125,-239.53125,-693.5
470,-239.53125,-239.53125,-695.0
471,-239.53125,-239.53125,-696.5
472,-239.53125,-239.53125,-698.0
473,-239.53125,-239.53125,-699.5
474,-239.53125,-239.53125,-701.0
475,-239.53125,-239.53125,-702.5
476,-239.53125,-239.53125,-704.0
477,-239.53125,-239.53125,-705.5
478,-239.53125,-239.53125,-707.0
479,-239.53125,-239.53125,-708.5
480,-239.53125,-239.53125,-710.0
481,-239.53125,-239.53125,-711.5
482,-239.53125,-239.53125,-713.0
483,-239.53125,-239.53125,-714.5
484,-239.53125,-239.53125,-716.0
485,-239.53125,-239.53125,-717.5
486,-239.53125,-239.53125,-719.0
487,-239.53125,-239.53125,-720.5
488,-239.53125,-239.53125,-722.0
489,-239.53125,-239.53125,-723.5
490,-239.53125,-239.53125,-725.0
491,-239.53125,-239.53125,-726.5
492,-239.53125,-239.53125,-728.0
493,-239.53125,-239.53125,-729.5
494,-239.53125,-239.53125,-731.0
495,-239.53125,-239.53125,-732.5
496,-239.53125,-239.53125,-734.0
497,-239.53125,-239.53125,-735.5
498,-239.53125,-239.53125,-737.0
499,-239.53125,-239.53125,-738.5
500,-239.53125,-239.53125,-740.0
501,-239.53125,-239.53125,-741.5
502,-239.53125,-239.53125,-743.0
503,-239.53125,-239.53125,-744.5
504,-239.53125,-239.53125,-746.0
505,-239.53125,-239.53125,-747.5
506,-239.53125,-239.53125,-749.0
507,-239.53125,-239.53125,-750.5
508,-239.53125,-239.53125,-752.0
509,-239.53125,-239.53125,-753.5
510,-239.53125,-239.53125,-755.0
511,-239.53125,-239.53125,-756.5
512,-239.53125,-239.53125,-758.0
513,-239.53125,-239.53125,-759.5
514,-239.53125,-239.53125,-761.0
515,-239.53125,-239.53125,-762.5
516,-239.53125,-239.53125,-764.0
517,-239.53125,-239.53125,-765.5
518,-239.53125,-239.53125,-767.0
519,-239.53125,-239.53125,-768.5
520,-239.53125,-239.53125,-770.0
521,-239.53125,-239.53125,-771.5
522,-239.53125,-239.53125,-773.0
523,-239.53125,-239.53125,-774.5
524,-239.53125,-239.53125,-776.0
525,-239.53125,-239.53125,-777.5
526,-239.53125,-239.53125,-779.0
527,-239.53125,-239.53125,-780.5
528,-239.53125,-239.53125,-782.0
529,-239.53125,-239.53125,-783.5
530,-239.53125,-239.53125,-785.0
531,-239.53125,-239.53125,-786.5
532,-239.53125,-239.53125,-788.0
533,-239.53125,-239.53125,-789.5
534,-239.53125,-239.53125,-791.0
535,-239.53125,-239.53125,-792.5
536,-239.53125,-239.53125,-794.0
537,-239.53125,-239.53125,-795.5
538,-239.53125,-239.53125,-797.0
539,-239.53125,-239.53125,-798.5
540,-239.53125,-239.53125,-800.0
541,-239.53125,-239.53125,-801.5
542,-239.53125,-239.53125,-803.0
543,-239.53125,-239.53125,-804.5
544,-239.53125,-239.53125,-806.0
545,-239.53125,-239.53125,-807.5
546,-239.53125,-239.53125,-809.0
547,-239.53125,-239.53125,-810.5
548,-239.53125,-239.53125,-812.0
549,-239.53125,-239.53125,-813.5
550,-239.53125,-239.53125,-815.0
551,-239.53125,-239.53125,-816.5
552,-239.53125,-239.53125,-818.0
553,-239.53125,-239.53125,-819.5
554,-239.53125,-239.53125,-821.0
555,-239.53125,-239.53125,-822.5
556,-239.53125,-239.53125,-824.0
557,-239.53125,-239.53125,-825.5
558,-239.53125,-239.53125,-827.0
559,-239.53125,-239.53125,-828.5
560,-239.53125,-239.53125,-830.0
561,-239.53125,-239.53125,-831.5
562,-239.53125,-239.53125,-833.0
563,-239.53125,-239.53125,-834.5
564,-239.53125,-239.53125,-836.0
565,-239.53125,-239.53125,-837.5
566,-239.53125,-239.53125,-839.0
567,-239.53125,-239.53125,-840.5
568,-239.53125,-239.53125,-842.0
569,-239.53125,-239.53125,-844.0
570,-239.53125,-239.53125,-845.5
571,-239.53125,-239.53125,-847.0
572,-239.53125,-239.53125,-848.5
573,-239.53125,-239.53125,-850.0
574,-239.53125,-239.53125,-851.5
575,-239.53125,-239.53125,-853.0
576,-239.53125,-239.53125,-854.5
577,-239.53125,-239.53125,-856.0
578,-239.53125,-239.53125,-857.5
579,-239.53125,-239.53125,-859.0
580,-239.53125,-239.53125,-860.5
581,-239.53125,-239.53125,-862.0
582,-239.53125,-239.53125,-863.5
583,-239.53125,-239.53125,-865.0
584,-239.53125,-239.53125,-866.5
585,-239.53125,-239.53125,-868.0
586,-239.53125,-239.53125,-869.5
587,-239.53125,-239.53125,-871.0
588,-239.53125,-239.53125,-872.5
589,-239.53125,-239.53125,-874.0
590,-239.53125,-239.53125,-875.5
591,-239.53125,-239.53125,-877.0
592,-239.53125,-239.53125,-878.5
593,-239.53125,-239.53125,-880.0
594,-239.53125,-239.53125,-881.5
595,-239.53125,-239.53125,-883.0
596,-239.53125,-239.53125,-884.5
597,-239.53125,-239.53125,-886.0
598,-239.53125,-239.53125,-887.5
599,-239.53125,-239.53125,-889.0
600,-239.53125,-239.53125,-890.5
601,-239.53125,-239.53125,-892.0
602,-239.53125,-239.53125,-893.5
603,-239.53125,-239.53125,-895.0
604,-239.53125,-239.53125,-896.5
605,-239.53125,-239.53125,-898.0
606,-239.53125,-239.53125,-899.5
607,-239.53125,-239.53125,-901.0
608,-239.53125,-239.53125,-902.5
609,-239.53125,-239.53125,-904.0
610,-239.53125,-239.53125,-905.5
611,-239.53125,-239.53125,-907.0
612,-239.53125,-239.53125,-908.5
613,-239.53125,-239.53125,-910.0
614,-239.53125,-239.53125,-911.5
615,-239.53125,-239.53125,-913.0
616,-239.53125,-239.53125,-914.5
617,-239.53125,-239.53125,-916.0
618,-239.53125,-239.53125,-917.5
619,-239.53125,-239.53125,-919.0
620,-239.53125,-239.53125,-920.5
621,-239.53125,-239.53125,-922.0
622,-239.53125,-239.53125,-923.5
623,-239.53125,-239.53125,-925.0
624,-239.53125,-239.53125,-926.5
625,-239.53125,-239.53125,-928.0
626,-239.53125,-239.53125,-929.5
627,-239.53125,-239.53125,-931.0
628,-239.53125,-239.53125,-932.5
629,-239.53125,-239.53125,-934.0
630,-239.53125,-239.53125,-935.5
631,-239.53125,-239.53125,-937.0
632,-239.53125,-239.53125,-938.5
633,-239.53125,-239.53125,-940.0
634,-239.53125,-239.53125,-941.5
635,-239.53125,-239.53125,-943.0
636,-239.53125,-239.53125,-944.5
637,-239.53125,-239.53125,-946.0
638,-239.53125,-239.53125,-947.5
639,-239.53125,-239.53125,-949.0
640,-239.53125,-239.53125,-950.5
641,-239.53125,-239.53125,-952.0
642,-239.53125,-239.53125,-953.5
643,-239.53125,-239.53125,-955.0
644,-239.53125,-239.53125,-956.5
645,-239.53125,-239.53125,-958.0
646,-239.53125,-239.53125,-959.5
647,-239.53125,-239.53125,-961.0
648,-239.53125,-239.53125,-962.5
649,-239.53125,-239.53125,-964.0
650,-239.53125,-239.53125,-965.5
651,-239.53125,-239.53125,-967.0
652,-239.53125,-239.53125,-968.5
653,-239.53125,-239.53125,-970.0
654,-239.53125,-239.53125,-971.5
655,-239.53125,-239.53125,-973.0
656,-239.53125,-239.53125,-974.5
657,-239.53125,-239.53125,-976.0
658,-239.53125,-239.53125,-977.5
659,-239.53125,-239.53125,-979.0
660,-239.53125,-239.53125,-980.5
661,-239.53125,-239.53125,-982.0
662,-239.53125,-239.53125,-983.5
663,-239.53125,-239.53125,-985.0
664,-239.53125,-239.53125,-986.5
665,-239.53125,-239.53125,-988.0
666,-239.53125,-239.53125,-989.5
667,-239.53125,-239.53125,-991.0
668,-239.53125,-239.53125,-992.5
669,-239.53125,-239.53125,-994.0
670,-239.53125,-239.53125,-995.5
671,-239.53125,-239.53125,-997.0
672,-239.53125,-239.53125,-998.5
673,-239.53125,-239.53125,-1000.0
674,-239.53125,-239.53125,-1001.5
675,-239.53125,-239.53125,-1003.0
676,-239.53125,-239.53125,-1004.5
677,-239.53125,-239.53125,-1006.0
678,-239.53125,-239.53125,-1007.5
679,-239.53125,-239.53125,-1009.0
680,-239.53125,-239.53125,-1010.5
681,-239.53125,-239.53125,-1012.0
682,-239.53125,-239.53125,-1013.5
683,-239.53125,-239.53125,-1015.0
684,-239.53125,-239.53125,-1016.5
685,-239.53125,-239.53125,-1018.0
686,-239.53125,-239.53125,-1019.5
687,-239.53125,-239.53125,-1021.0
688,-239.53125,-239.53125,-1022.5
689,-239.53125,-239.53125,-1024.0
690,-239.53125,-239.53125,-1025.5
691,-239.53125,-239.53125,-1027.0
692,-239.53125,-239.53125,-1028.5
693,-239.53125,-239.53125,-1030.0
694,-239.53125,-239.53125,-1031.5
695,-239.53125,-239.53125,-1033.0
696,-239.53125,-239.53125,-1034.5
697,-239.53125,-239.53125,-1036.0
698,-239.53125,-239.53125,-1037.5
699,-239.53125,-239.53125,-1039.0
700,-239.53125,-239.53125,-1040.5
701,-239.53125,-239.53125,-1042.0
702,-239.53125,-239.53125,-1043.5
703,-239.53125,-239.53125,-1045.0
704,-239.53125,-239.53125,-1046.5
705,-239.53125,-239.53125,-1048.0
706,-239.53125,-239.53125,-1049.5
707,-239.53125,-239.53125,-1051.0
708,-239.53125,-239.53125,-1052.5
709,-239.53125,-239.53125,-1054.0
710,-239.53125,-239.53125,-1055.5
711,-239.53125,-239.53125,-1057.0
712,-239.53125,-239.53125,-1059.0
713,-239.53125,-239.53125,-1060.5
714,-239.53125,-239.53125,-1062.0
715,-239.53125,-239.53125,-1063.5
716,-239.53125,-239.53125,-1065.0
717,-239.53125,-239.53125,-1066.5
718,-239.53125,-239.53125,-1068.0
719,-239.53125,-239.53125,-1069.5
720,-239.53125,-239.53125,-1071.0
721,-239.53125,-239.53125,-1072.5
722,-239.53125,-239.53125,-1074.0
723,-239.53125,-239.53125,-1075.5
724,-239.53125,-239.53125,-1077.0
725,-239.53125,-239.53125,-1078.5
726,-239.53125,-239.53125,-1080.0
727,-239.53125,-239.53125,-1081.5
728,-239.53125,-239.53125,-1083.0
729,-239.53125,-239.53125,-1084.5
730,-239.53125,-239.53125,-1086.0
731,-239.53125,-239.53125,-1087.5
732,-239.53125,-239.53125,-1089.0
733,-239.53125,-239.53125,-1090.5
734,-239.53125,-239.53125,-1092.0
735,-239.53125,-239.53125,-1093.5
736,-239.53125,-239.53125,-1095.0
737,-239.53125,-239.53125,-1096.5
738,-239.53125,-239.53125,-1098.0
739,-239.53125,-239.53125,-1099.5
740,-239.53125,-239.53125,-1101.0
741,-239.53125,-239.53125,-1102.5
742,-239.53125,-239.53125,-1104.0
743,-239.53125,-239.53125,-1105.5
744,-239.53125,-239.53125,-1107.0
745,-239.53125,-239.53125,-1108.5
746,-239.53125,-239.53125,-1110.0
747,-239.53125,-239.53125,-1111.5
748,-239.53125,-239.53125,-1113.0
749,-239.53125,-239.53125,-1114.5
750,-239.53125,-239.53125,-1116.0
751,-239.53125,-239.53125,-1117.5
752,-239.53125,-239.53125,-1119.0
753,-239.53125,-239.53125,-1120.5
754,-239.53125,-239.53125,-1122.0
755,-239.53125,-239.53125,-1123.5
756,-239.53125,-239.53125,-1125.0
757,-239.53125,-239.53125,-1126.5
758,-239.53125,-239.53125,-1128.0
759,-239.53125,-239.53125,-1129.5
760,-239.53125,-239.53125,-1131.0
761,-239.53125,-239.53125,-1132.5
762,-239.53125,-239.53125,-1134.0
763,-239.53125,-239.53125,-1135.5
764,-239.53125,-239.53125,-1137.0
765,-239.53125,-239.53125,-1138.5
766,-239.53125,-239.53125,-1140.0
767,-239.53125,-239.53125,-1141.5
768,-239.53125,-239.53125,-1143.0
769,-239.53125,-239.53125,-1144.5
770,-239.53125,-239.53125,-1146.0
771,-239.53125,-239.53125,-1147.5
772,-239.53125,-239.53125,-1149.0
773,-239.53125,-239.53125,-1150.5
774,-239.53125,-239.53125,-1152.0
775,-239.53125,-239.53125,-1153.5
776,-239.53125,-239.53125,-1155.0
777,-239.53125,-239.53125,-1156.5
778,-239.53125,-239.53125,-1158.0
779,-239.53125,-239.53125,-1159.5
780,-239.53125,-239.53125,-1161.0
781,-239.53125,-239.53125,-1162.5
782,-239.53125,-239.53125,-1164.0
783,-239.53125,-239.53125,-1165.5
784,-239.53125,-239.53125,-1167.0
785,-239.53125,-239.53125,-1168.5
786,-239.53125,-239.53125,-1170.0
787,-239.53125,-239.53125,-1171.5
788,-239.53125,-239.53125,-1173.0
789,-239.53125,-239.53125,-1174.5
790,-239.53125,-239.53125,-1176.0
791,-239.53125,-239.53125,-1177.5
792,-239.53125,-239.53125,-1179.0
793,-239.53125,-239.53125,-1180.5
794,-239.53125,-239.53125,-1182.0
795,-239.53125,-239.53125,-1183.5
796,-239.53125,-239.53125,-1185.0
797,-239.53125,-239.53125,-1186.5
798,-239.53125,-239.53125,-1188.0
799,-239.53125,-239.53125,-1189.5
800,-239.53125,-239.53125,-1191.0
801,-239.53125,-239.53125,-1192.5
802,-239.53125,-239.53125,-1194.0
803,-239.53125,-239.53125,-1195.5
804,-239.53125,-239.53125,-1197.0
805,-239.53125,-239.53125,-1198.5
806,-239.53125,-239.53125,-1200.0
807,-239.53125,-239.53125,-1201.5
808,-239.53125,-239.53125,-1203.0
809,-239.53125,-239.53125,-1204.5
810,-239.53125,-239.53125,-1206.0
811,-239.53125,-239.53125,-1207.5
812,-239.53125,-239.53125,-1209.0
813,-239.53125,-239.53125,-1210.5
814,-239.53125,-239.53125,-1212.0
815,-239.53125,-239.53125,-1213.5
816,-239.53125,-239.53125,-1215.0
817,-239.53125,-239.53125,-1216.5
818,-239.53125,-239.53125,-1218.0
819,-239.53125,-239.53125,-1219.5
820,-239.53125,-239.53125,-1221.0
821,-239.53125,-239.53125,-1222.5
822,-239.53125,-239.53125,-1224.0
823,-239.53125,-239.53125,-1225.5
824,-239.53125,-239.53125,-1227.0
825,-239.53125,-239.53125,-1228.5
826,-239.53125,-239.53125,-1230.0
827,-239.53125,-239.53125,-1231.5
828,-239.53125,-239.53125,-1233.0
829,-239.53125,-239.53125,-1234.5
830,-239.53125,-239.53125,-1236.0
831,-239.53125,-239.53125,-1237.5
832,-239.53125,-239.53125,-1239.0
833,-239.53125,-239.53125,-1240.5
834,-239.53125,-239.53125,-1242.0
835,-239.53125,-239.53125,-1243.5
836,-239.53125,-239.53125,-1245.0
837,-239.53125,-239.53125,-1246.5
838,-239.53125,-239.53125,-1248.0
839,-239.53125,-239.53125,-1249.5
840,-239.53125,-239.53125,-1251.0
841,-239.53125,-239.53125,-1252.5
842,-239.53125,-239.53125,-1254.0
843,-239.53125,-239.53125,-1255.5
844,-239.53125,-239.53125,-1257.0
845,-239.53125,-239.53125,-1258.5
846,-239.53125,-239.53125,-1260.0
847,-239.53125,-239.53125,-1261.5
848,-239.53125,-239.53125,-1263.0
849,-239.53125,-239.53125,-1264.5
850,-239.53125,-239.53125,-1266.0
851,-239.53125,-239.53125,-1267.5
852,-239.53125,-239.53125,-1269.0
853,-239.53125,-239.53125,-1270.5
854,-239.53125,-239.53125,-1272.0
855,-239.53125,-239.53125,-1274.0
856,-239.53125,-239.53125,-1275.5
857,-239.53125,-239.53125,-1277.0
858,-239.53125,-239.53125,-1278.5
859,-239.53125,-239.53125,-1280.0
860,-239.53125,-239.53125,-1281.5
861,-239.53125,-239.53125,-1283.0
862,-239.53125,-239.53125,-1284.5
863,-239.53125,-239.53125,-1286.0
864,-239.53125,-239.53125,-1287.5
865,-239.53125,-239.53125,-1289.0
866,-239.53125,-239.53125,-1290.5
867,-239.53125,-239.53125,-1292.0
868,-239.53125,-239.53125,-1293.5
869,-239.53125,-239.53125,-1295.0
870,-239.53125,-239.53125,-1296.5
871,-239.53125,-239.53125,-1298.0
872,-239.53125,-239.53125,-1299.5
873,-239.53125,-239.53125,-1301.0
874,-239.53125,-239.53125,-1302.5
875,-239.53125,-239.53125,-1304.0
876,-239.53125,-239.53125,-1305.5
877,-239.53125,-239.53125,-1307.0
878,-239.53125,-239.53125,-1308.5
879,-239.53125,-239.53125,-1310.0
880,-239.53125,-239.53125,-1311.5
881,-239.53125,-239.53125,-1313.0
882,-239.53125,-239.53125,-1314.5
883,-239.53125,-239.53125,-1316.0
884,-239.53125,-239.53125,-1317.5
885,-239.53125,-239.53125,-1319.0
886,-239.53125,-239.53125,-1320.5
887,-239.53125,-239.53125,-1322.0
888,-239.53125,-239.53125,-1323.5
889,-239.53125,-239.53125,-1325.0
890,-239.53125,-239.53125,-1326.5
891,-239.53125,-239.53125,-1328.0
892,-239.53125,-239.53125,-1329.5
893,-239.53125,-239.53125,-1331.0
894,-239.53125,-239.53125,-1332.5
895,-239.53125,-239.53125,-1334.0
896,-239.53125,-239.53125,-1335.5
897,-239.53125,-239.53125,-1337.0
898,-239.53125,-239.53125,-1338.5
899,-239.53125,-239.53125,-1340.0
900,-239.53125,-239.53125,-1341.5
901,-239.53125,-239.53125,-1343.0
902,-239.53125,-239.53125,-1344.5
903,-239.53125,-239.53125,-1346.0
904,-239.53125,-239.53125,-1347.5
905,-239.53125,-239.53125,-1349.0
906,-239.53125,-239.53125,-1350.5
907,-239.53125,-239.53125,-1352.0
908,-239.53125,-239.53125,-1353.5
909,-239.53125,-239.53125,-1355.0
910,-239.53125,-239.53125,-1356.5
911,-239.53125,-239.53125,-1358.0
912,-239.53125,-239.53125,-1359.5
913,-239.53125,-239.53125,-1361.0
914,-239.53125,-239.53125,-1362.5
915,-239.53125,-239.53125,-1364.0
916,-239.53125,-239.53125,-1365.5
917,-239.53125,-239.53125,-1367.0
918,-239.53125,-239.53125,-1368.5
919,-239.53125,-239.53125,-1370.0
920,-239.53125,-239.53125,-1371.5
921,-239.53125,-239.53125,-1373.0
922,-239.53125,-239.53125,-1374.5
923,-239.53125,-239.53125,-1376.0
924,-239.53125,-239.53125,-1377.5
925,-239.53125,-239.53125,-1379.0
926,-239.53125,-239.53125,-1380.5
927,-239.53125,-239.53125,-1382.0
928,-239.53125,-239.53125,-1383.5
929,-239.53125,-239.53125,-1385.0
930,-239.53125,-239.53125,-1386.5
931,-239.53125,-239.53125,-1388.0
932,-239.53125,-239.53125,-1389.5
933,-239.53125,-239.53125,-1391.0
934,-239.53125,-239.53125,-1392.5
935,-239.53125,-239.53125,-1394.0
936,-239.53125,-239.53125,-1395.5
937,-239.53125,-239.53125,-1397.0
938,-239.53125,-239.53125,-1398.5
939,-239.53125,-239.53125,-1400.0
940,-239.53125,-239.53125,-1401.5
941,-239.53125,-239.53125,-1403.0
942,-239.53125,-239.53125,-1404.5
943,-239.53125,-239.53125,-1406.0
944,-239.53125,-239.53125,-1407.5
945,-239.53125,-239.53125,-1409.0
946,-239.53125,-239.53125,-1410.5
947,-239.53125,-239.53125,-1412.0
948,-239.53125,-239.53125,-1413.5
949,-239.53125,-239.53125,-1415.0
950,-239.53125,-239.53125,-1416.5
951,-239.53125,-239.53125,-1418.0
952,-239.53125,-239.53125,-1419.5
953,-239.53125,-239.53125,-1421.0
954,-239.53125,-239.53125,-1422.5
955,-239.53125,-239.53125,-1424.0
956,-239.53125,-239.53125,-1425.5
957,-239.53125,-239.53125,-1427.0
958,-239.53125,-239.53125,-1428.5
959,-239.53125,-239.53125,-1430.0
960,-239.53125,-239.53125,-1431.5
961,-239.53125,-239.53125,-1433.0
962,-239.53125,-239.53125,-1434.5
963,-239.53125,-239.53125,-1436.0
964,-239.53125,-239.53125,-1437.5
965,-239.53125,-239.53125,-1439.0
966,-239.53125,-239.53125,-1440.5
967,-239.53125,-239.53125,-1442.0
968,-239.53125,-239.53125,-1443.5
969,-239.53125,-239.53125,-1445.0
970,-239.53125,-239.53125,-1446.5
971,-239.53125,-239.53125,-1448.0
972,-239.53125,-239.53125,-1449.5
973,-239.53125,-239.53125,-1451.0
974,-239.53125,-239.53125,-1452.5
975,-239.53125,-239.53125,-1454.0
976,-239.53125,-239.53125,-1455.5
977,-239.53125,-239.53125,-1457.0
978,-239.53125,-239.53125,-1458.5
979,-239.53125,-239.53125,-1460.0
980,-239.53125,-239.53125,-1461.5
981,-239.53125,-239.53125,-1463.0
982,-239.53125,-239.53125,-1464.5
983,-239.53125,-239.53125,-1466.0
984,-239.53125,-239.53125,-1467.5
985,-239.53125,-239.53125,-1469.0
986,-239.53125,-239.53125,-1470.5
987,-239.53125,-239.53125,-1472.0
988,-239.53125,-239.53125,-1473.5
989,-239.53125,-239.53125,-1475.0
990,-239.53125,-239.53125,-1476.5
991,-239.53125,-239.53125,-1478.0
992,-239.53125,-239.53125,-1479.5
993,-239.53125,-239.53125,-1481.0
994,-239.53125,-239.53125,-1482.5
995,-239.53125,-239.53125,-1484.0
996,-239.53125,-239.53125,-1485.5
997,-239.53125,-239.53125,-1487.0
998,-239.53125,-239.53125,-1488.5
999,-239.53125,-239.53125,-1490.0
1000,-239.53125,-239.53125,-1491.5
1001,-239.53125,-239.53125,-1493.0
1002,-239.53125,-239.53125,-1494.5
1003,-239.53125,-239.53125,-1496.0
1004,-239.53125,-239.53125,-1497.5
1005,-239.53125,-239.53125,-1499.0
1006,-239.53125,-239.53125,-1500.5
1007,-239.53125,-239.53125,-1502.0
1008,-239.53125,-239.53125,-1503.5
1009,-239.53125,-239.53125,-1505.0
1010,-239.53125,-239.53125,-1506.5
1011,-239.53125,-239.53125,-1508.0
1012,-239.53125,-239.53125,-1509.5
1013,-239.53125,-239.53125,-1511.0
1014,-239.53125,-239.53125,-1512.5
