,x,y,z,SegmentationRegionSlice
0,-239.53125,-239.53125,11.0,Outside of AOI
1,-239.53125,-239.53125,9.5,Outside of AOI
2,-239.53125,-239.53125,8.0,Outside of AOI
3,-239.53125,-239.53125,6.5,Outside of AOI
4,-239.53125,-239.53125,5.0,Outside of AOI
5,-239.53125,-239.53125,3.5,Outside of AOI
6,-239.53125,-239.53125,2.0,Outside of AOI
7,-239.53125,-239.53125,0.5,Outside of AOI
8,-239.53125,-239.53125,-1.0,Outside of AOI
9,-239.53125,-239.53125,-2.5,Outside of AOI
10,-239.53125,-239.53125,-4.0,Outside of AOI
11,-239.53125,-239.53125,-5.5,Outside of AOI
12,-239.53125,-239.53125,-7.0,Outside of AOI
13,-239.53125,-239.53125,-8.5,Outside of AOI
14,-239.53125,-239.53125,-10.0,Outside of AOI
15,-239.53125,-239.53125,-11.5,Outside of AOI
16,-239.53125,-239.53125,-13.0,Outside of AOI
17,-239.53125,-239.53125,-14.5,Outside of AOI
18,-239.53125,-239.53125,-16.0,Outside of AOI
19,-239.53125,-239.53125,-17.5,Outside of AOI
20,-239.53125,-239.53125,-19.0,Outside of AOI
21,-239.53125,-239.53125,-20.5,Outside of AOI
22,-239.53125,-239.53125,-22.0,Outside of AOI
23,-239.53125,-239.53125,-23.5,Outside of AOI
24,-239.53125,-239.53125,-25.0,Outside of AOI
25,-239.53125,-239.53125,-26.5,Outside of AOI
26,-239.53125,-239.53125,-28.0,Outside of AOI
27,-239.53125,-239.53125,-29.5,Outside of AOI
28,-239.53125,-239.53125,-31.0,Outside of AOI
29,-239.53125,-239.53125,-32.5,Outside of AOI
30,-239.53125,-239.53125,-34.0,Outside of AOI
31,-239.53125,-239.53125,-35.5,Outside of AOI
32,-239.53125,-239.53125,-37.0,Outside of AOI
33,-239.53125,-239.53125,-38.5,Outside of AOI
34,-239.53125,-239.53125,-40.0,Outside of AOI
35,-239.53125,-239.53125,-41.5,Outside of AOI
36,-239.53125,-239.53125,-43.0,Outside of AOI
37,-239.53125,-239.53125,-44.5,Outside of AOI
38,-239.53125,-239.53125,-46.0,Outside of AOI
39,-239.53125,-239.53125,-47.5,Outside of AOI
40,-239.53125,-239.53125,-49.0,Outside of AOI
41,-239.53125,-239.53125,-50.5,Outside of AOI
42,-239.53125,-239.53125,-52.0,Outside of AOI
43,-239.53125,-239.53125,-53.5,Outside of AOI
44,-239.53125,-239.53125,-55.0,Outside of AOI
45,-239.53125,-239.53125,-56.5,Outside of AOI
46,-239.53125,-239.53125,-58.0,Outside of AOI
47,-239.53125,-239.53125,-59.5,Outside of AOI
48,-239.53125,-239.53125,-61.0,Outside of AOI
49,-239.53125,-239.53125,-62.5,Outside of AOI
50,-239.53125,-239.53125,-64.0,Outside of AOI
51,-239.53125,-239.53125,-65.5,Outside of AOI
52,-239.53125,-239.53125,-67.0,Outside of AOI
53,-239.53125,-239.53125,-68.5,Outside of AOI
54,-239.53125,-239.53125,-70.0,Outside of AOI
55,-239.53125,-239.53125,-71.5,Outside of AOI
56,-239.53125,-239.53125,-73.0,Outside of AOI
57,-239.53125,-239.53125,-74.5,Outside of AOI
58,-239.53125,-239.53125,-76.0,Outside of AOI
59,-239.53125,-239.53125,-77.5,Outside of AOI
60,-239.53125,-239.53125,-79.0,Outside of AOI
61,-239.53125,-239.53125,-80.5,Outside of AOI
62,-239.53125,-239.53125,-82.0,Outside of AOI
63,-239.53125,-239.53125,-83.5,Outside of AOI
64,-239.53125,-239.53125,-85.0,Outside of AOI
65,-239.53125,-239.53125,-86.5,Outside of AOI
66,-239.53125,-239.53125,-88.0,Outside of AOI
67,-239.53125,-239.53125,-89.5,Outside of AOI
68,-239.53125,-239.53125,-91.0,Outside of AOI
69,-239.53125,-239.53125,-92.5,Outside of AOI
70,-239.53125,-239.53125,-94.0,Outside of AOI
71,-239.53125,-239.53125,-95.5,Outside of AOI
72,-239.53125,-239.53125,-97.0,Outside of AOI
73,-239.53125,-239.53125,-98.5,Outside of AOI
74,-239.53125,-239.53125,-100.0,Outside of AOI
75,-239.53125,-239.53125,-101.5,Outside of AOI
76,-239.53125,-239.53125,-103.0,Outside of AOI
77,-239.53125,-239.53125,-104.5,Outside of AOI
78,-239.53125,-239.53125,-106.0,Outside of AOI
79,-239.53125,-239.53125,-107.5,Outside of AOI
80,-239.53125,-239.53125,-109.0,Outside of AOI
81,-239.53125,-239.53125,-110.5,Outside of AOI
82,-239.53125,-239.53125,-112.0,Outside of AOI
83,-239.53125,-239.53125,-113.5,Outside of AOI
84,-239.53125,-239.53125,-115.0,Outside of AOI
85,-239.53125,-239.53125,-116.5,Outside of AOI
86,-239.53125,-239.53125,-118.0,Outside of AOI
87,-239.53125,-239.53125,-119.5,Outside of AOI
88,-239.53125,-239.53125,-121.0,Outside of AOI
89,-239.53125,-239.53125,-122.5,Outside of AOI
90,-239.53125,-239.53125,-124.0,Outside of AOI
91,-239.53125,-239.53125,-125.5,Outside of AOI
92,-239.53125,-239.53125,-127.0,Outside of AOI
93,-239.53125,-239.53125,-128.5,Outside of AOI
94,-239.53125,-239.53125,-130.0,Outside of AOI
95,-239.53125,-239.53125,-131.5,Outside of AOI
96,-239.53125,-239.53125,-133.0,Outside of AOI
97,-239.53125,-239.53125,-134.5,Outside of AOI
98,-239.53125,-239.53125,-136.0,Outside of AOI
99,-239.53125,-239.53125,-137.5,Outside of AOI
100,-239.53125,-239.53125,-139.0,Outside of AOI
101,-239.53125,-239.53125,-140.5,Outside of AOI
102,-239.53125,-239.53125,-142.0,Outside of AOI
103,-239.53125,-239.53125,-143.5,Outside of AOI
104,-239.53125,-239.53125,-145.0,Outside of AOI
105,-239.53125,-239.53125,-146.5,Outside of AOI
106,-239.53125,-239.53125,-148.0,Outside of AOI
107,-239.53125,-239.53125,-149.5,Outside of AOI
108,-239.53125,-239.53125,-151.0,Outside of AOI
109,-239.53125,-239.53125,-152.5,Outside of AOI
110,-239.53125,-239.53125,-154.0,Outside of AOI
111,-239.53125,-239.53125,-155.5,Outside of AOI
112,-239.53125,-239.53125,-157.0,Outside of AOI
113,-239.53125,-239.53125,-158.5,Outside of AOI
114,-239.53125,-239.53125,-160.0,Outside of AOI
115,-239.53125,-239.53125,-161.5,Outside of AOI
116,-239.53125,-239.53125,-163.0,Outside of AOI
117,-239.53125,-239.53125,-164.5,Outside of AOI
118,-239.53125,-239.53125,-166.0,Outside of AOI
119,-239.53125,-239.53125,-167.5,Outside of AOI
120,-239.53125,-239.53125,-169.0,Outside of AOI
121,-239.53125,-239.53125,-170.5,Outside of AOI
122,-239.53125,-239.53125,-172.0,Outside of AOI
123,-239.53125,-239.53125,-173.5,Outside of AOI
124,-239.53125,-239.53125,-175.0,Outside of AOI
125,-239.53125,-239.53125,-176.5,Outside of AOI
126,-239.53125,-239.53125,-178.0,Outside of AOI
127,-239.53125,-239.53125,-179.5,Outside of AOI
128,-239.53125,-239.53125,-181.0,Outside of AOI
129,-239.53125,-239.53125,-182.5,Outside of AOI
130,-239.53125,-239.53125,-184.0,Outside of AOI
131,-239.53125,-239.53125,-185.5,Outside of AOI
132,-239.53125,-239.53125,-187.0,Outside of AOI
133,-239.53125,-239.53125,-188.5,Outside of AOI
134,-239.53125,-239.53125,-190.0,Outside of AOI
135,-239.53125,-239.53125,-191.5,Outside of AOI
136,-239.53125,-239.53125,-193.0,Outside of AOI
137,-239.53125,-239.53125,-194.5,Outside of AOI
138,-239.53125,-239.53125,-196.0,Outside of AOI
139,-239.53125,-239.53125,-197.5,Outside of AOI
140,-239.53125,-239.53125,-199.0,Outside of AOI
141,-239.53125,-239.53125,-200.5,Outside of AOI
142,-239.53125,-239.53125,-202.0,Outside of AOI
143,-239.53125,-239.53125,-203.5,Outside of AOI
144,-239.53125,-239.53125,-205.0,Outside of AOI
145,-239.53125,-239.53125,-206.5,Outside of AOI
146,-239.53125,-239.53125,-208.0,Outside of AOI
147,-239.53125,-239.53125,-209.5,Outside of AOI
148,-239.53125,-239.53125,-211.0,Outside of AOI
149,-239.53125,-239.53125,-212.5,Outside of AOI
150,-239.53125,-239.53125,-214.0,Outside of AOI
151,-239.53125,-239.53125,-215.5,Outside of AOI
152,-239.53125,-239.53125,-217.0,Outside of AOI
153,-239.53125,-239.53125,-218.5,Outside of AOI
154,-239.53125,-239.53125,-220.0,Outside of AOI
155,-239.53125,-239.53125,-221.5,Outside of AOI
156,-239.53125,-239.53125,-223.0,Outside of AOI
157,-239.53125,-239.53125,-224.5,Outside of AOI
158,-239.53125,-239.53125,-226.0,Outside of AOI
159,-239.53125,-239.53125,-227.5,Outside of AOI
160,-239.53125,-239.53125,-229.0,Outside of AOI
161,-239.53125,-239.53125,-230.5,Outside of AOI
162,-239.53125,-239.53125,-232.0,Outside of AOI
163,-239.53125,-239.53125,-233.5,Outside of AOI
164,-239.53125,-239.53125,-235.0,Outside of AOI
165,-239.53125,-239.53125,-236.5,Outside of AOI
166,-239.53125,-239.53125,-238.0,Outside of AOI
167,-239.53125,-239.53125,-239.5,Outside of AOI
168,-239.53125,-239.53125,-241.0,Outside of AOI
169,-239.53125,-239.53125,-242.5,Outside of AOI
170,-239.53125,-239.53125,-244.0,Outside of AOI
171,-239.53125,-239.53125,-245.5,Outside of AOI
172,-239.53125,-239.53125,-247.0,Outside of AOI
173,-239.53125,-239.53125,-248.5,Outside of AOI
174,-239.53125,-239.53125,-250.0,Outside of AOI
175,-239.53125,-239.53125,-251.5,Outside of AOI
176,-239.53125,-239.53125,-253.0,Outside of AOI
177,-239.53125,-239.53125,-254.5,Outside of AOI
178,-239.53125,-239.53125,-256.0,Outside of AOI
179,-239.53125,-239.53125,-257.5,Outside of AOI
180,-239.53125,-239.53125,-259.0,Outside of AOI
181,-239.53125,-239.53125,-260.5,Outside of AOI
182,-239.53125,-239.53125,-262.0,Outside of AOI
183,-239.53125,-239.53125,-263.5,Outside of AOI
184,-239.53125,-239.53125,-265.0,Outside of AOI
185,-239.53125,-239.53125,-266.5,Outside of AOI
186,-239.53125,-239.53125,-268.0,Outside of AOI
187,-239.53125,-239.53125,-269.5,Outside of AOI
188,-239.53125,-239.53125,-271.0,Outside of AOI
189,-239.53125,-239.53125,-272.5,Outside of AOI
190,-239.53125,-239.53125,-274.0,Outside of AOI
191,-239.53125,-239.53125,-275.5,Outside of AOI
192,-239.53125,-239.53125,-277.0,Outside of AOI
193,-239.53125,-239.53125,-278.5,Outside of AOI
194,-239.53125,-239.53125,-280.0,Outside of AOI
195,-239.53125,-239.53125,-281.5,Outside of AOI
196,-239.53125,-239.53125,-283.0,Outside of AOI
197,-239.53125,-239.53125,-284.5,Outside of AOI
198,-239.53125,-239.53125,-286.0,Outside of AOI
199,-239.53125,-239.53125,-287.5,Outside of AOI
200,-239.53125,-239.53125,-289.0,Outside of AOI
201,-239.53125,-239.53125,-290.5,Outside of AOI
202,-239.53125,-239.53125,-292.0,Outside of AOI
203,-239.53125,-239.53125,-293.5,Outside of AOI
204,-239.53125,-239.53125,-295.0,Outside of AOI
205,-239.53125,-239.53125,-296.5,Outside of AOI
206,-239.53125,-239.53125,-298.0,Outside of AOI
207,-239.53125,-239.53125,-299.5,Outside of AOI
208,-239.53125,-239.53125,-301.0,Outside of AOI
209,-239.53125,-239.53125,-302.5,Outside of AOI
210,-239.53125,-239.53125,-304.0,Outside of AOI
211,-239.53125,-239.53125,-305.5,Outside of AOI
212,-239.53125,-239.53125,-307.0,Outside of AOI
213,-239.53125,-239.53125,-308.5,Outside of AOI
214,-239.53125,-239.53125,-310.0,Outside of AOI
215,-239.53125,-239.53125,-311.5,Outside of AOI
216,-239.53125,-239.53125,-313.0,Outside of AOI
217,-239.53125,-239.53125,-314.5,Outside of AOI
218,-239.53125,-239.53125,-316.0,Outside of AOI
219,-239.53125,-239.53125,-317.5,Outside of AOI
220,-239.53125,-239.53125,-319.0,Outside of AOI
221,-239.53125,-239.53125,-320.5,Outside of AOI
222,-239.53125,-239.53125,-322.0,Outside of AOI
223,-239.53125,-239.53125,-323.5,Outside of AOI
224,-239.53125,-239.53125,-325.0,Outside of AOI
225,-239.53125,-239.53125,-326.5,Outside of AOI
226,-239.53125,-239.53125,-328.0,Outside of AOI
227,-239.53125,-239.53125,-329.5,Outside of AOI
228,-239.53125,-239.53125,-331.0,Outside of AOI
229,-239.53125,-239.53125,-332.5,Outside of AOI
230,-239.53125,-239.53125,-334.0,Outside of AOI
231,-239.53125,-239.53125,-335.5,Outside of AOI
232,-239.53125,-239.53125,-337.0,Outside of AOI
233,-239.53125,-239.53125,-338.5,Outside of AOI
234,-239.53125,-239.53125,-340.0,Outside of AOI
235,-239.53125,-239.53125,-341.5,Outside of AOI
236,-239.53125,-239.53125,-343.0,Outside of AOI
237,-239.53125,-239.53125,-344.5,Outside of AOI
238,-239.53125,-239.53125,-346.0,Outside of AOI
239,-239.53125,-239.53125,-347.5,Outside of AOI
240,-239.53125,-239.53125,-349.0,Outside of AOI
241,-239.53125,-239.53125,-350.5,Outside of AOI
242,-239.53125,-239.53125,-352.0,Outside of AOI
243,-239.53125,-239.53125,-353.5,Outside of AOI
244,-239.53125,-239.53125,-355.0,Outside of AOI
245,-239.53125,-239.53125,-356.5,Outside of AOI
246,-239.53125,-239.53125,-358.0,Outside of AOI
247,-239.53125,-239.53125,-359.5,Outside of AOI
248,-239.53125,-239.53125,-361.0,Outside of AOI
249,-239.53125,-239.53125,-362.5,Outside of AOI
250,-239.53125,-239.53125,-364.0,Outside of AOI
251,-239.53125,-239.53125,-365.5,Outside of AOI
252,-239.53125,-239.53125,-367.0,Outside of AOI
253,-239.53125,-239.53125,-368.5,Outside of AOI
254,-239.53125,-239.53125,-370.0,Outside of AOI
255,-239.53125,-239.53125,-371.5,Outside of AOI
256,-239.53125,-239.53125,-373.0,Outside of AOI
257,-239.53125,-239.53125,-374.5,Outside of AOI
258,-239.53125,-239.53125,-376.0,Outside of AOI
259,-239.53125,-239.53125,-377.5,Outside of AOI
260,-239.53125,-239.53125,-379.0,Outside of AOI
261,-239.53125,-239.53125,-380.5,Outside of AOI
262,-239.53125,-239.53125,-382.0,Outside of AOI
263,-239.53125,-239.53125,-383.5,Outside of AOI
264,-239.53125,-239.53125,-385.0,Outside of AOI
265,-239.53125,-239.53125,-386.5,Outside of AOI
266,-239.53125,-239.53125,-388.0,Outside of AOI
267,-239.53125,-239.53125,-389.5,Outside of AOI
268,-239.53125,-239.53125,-391.0,Outside of AOI
269,-239.53125,-239.53125,-392.5,Outside of AOI
270,-239.53125,-239.53125,-394.0,Outside of AOI
271,-239.53125,-239.53125,-395.5,Outside of AOI
272,-239.53125,-239.53125,-397.0,Outside of AOI
273,-239.53125,-239.53125,-398.5,Outside of AOI
274,-239.53125,-239.53125,-400.0,Outside of AOI
275,-239.53125,-239.53125,-401.5,Outside of AOI
276,-239.53125,-239.53125,-403.0,Outside of AOI
277,-239.53125,-239.53125,-404.5,Outside of AOI
278,-239.53125,-239.53125,-406.0,Outside of AOI
279,-239.53125,-239.53125,-407.5,Outside of AOI
280,-239.53125,-239.53125,-409.0,Outside of AOI
281,-239.53125,-239.53125,-410.5,Outside of AOI
282,-239.53125,-239.53125,-412.0,Outside of AOI
283,-239.53125,-239.53125,-414.0,Outside of AOI
284,-239.53125,-239.53125,-415.5,Outside of AOI
285,-239.53125,-239.53125,-417.0,Outside of AOI
286,-239.53125,-239.53125,-418.5,Outside of AOI
287,-239.53125,-239.53125,-420.0,Outside of AOI
288,-239.53125,-239.53125,-421.5,Outside of AOI
289,-239.53125,-239.53125,-423.0,Outside of AOI
290,-239.53125,-239.53125,-424.5,Outside of AOI
291,-239.53125,-239.53125,-426.0,Outside of AOI
292,-239.53125,-239.53125,-427.5,Outside of AOI
293,-239.53125,-239.53125,-429.0,Outside of AOI
294,-239.53125,-239.53125,-430.5,Outside of AOI
295,-239.53125,-239.53125,-432.0,Outside of AOI
296,-239.53125,-239.53125,-433.5,Outside of AOI
297,-239.53125,-239.53125,-435.0,Outside of AOI
298,-239.53125,-239.53125,-436.5,Outside of AOI
299,-239.53125,-239.53125,-438.0,Outside of AOI
300,-239.53125,-239.53125,-439.5,Outside of AOI
301,-239.53125,-239.53125,-441.0,Outside of AOI
302,-239.53125,-239.53125,-442.5,Outside of AOI
303,-239.53125,-239.53125,-444.0,Outside of AOI
304,-239.53125,-239.53125,-445.5,Outside of AOI
305,-239.53125,-239.53125,-447.0,Outside of AOI
306,-239.53125,-239.53125,-448.5,Outside of AOI
307,-239.53125,-239.53125,-450.0,Outside of AOI
308,-239.53125,-239.53125,-451.5,Outside of AOI
309,-239.53125,-239.53125,-453.0,Outside of AOI
310,-239.53125,-239.53125,-454.5,Outside of AOI
311,-239.53125,-239.53125,-456.0,Outside of AOI
312,-239.53125,-239.53125,-457.5,Outside of AOI
313,-239.53125,-239.53125,-459.0,Outside of AOI
314,-239.53125,-239.53125,-460.5,Outside of AOI
315,-239.53125,-239.53125,-462.0,Outside of AOI
316,-239.53125,-239.53125,-463.5,Outside of AOI
317,-239.53125,-239.53125,-465.0,Outside of AOI
318,-239.53125,-239.53125,-466.5,Outside of AOI
319,-239.53125,-239.53125,-468.0,Outside of AOI
320,-239.53125,-239.53125,-469.5,Outside of AOI
321,-239.53125,-239.53125,-471.0,Outside of AOI
322,-239.53125,-239.53125,-472.5,Outside of AOI
323,-239.53125,-239.53125,-474.0,Outside of AOI
324,-239.53125,-239.53125,-475.5,Outside of AOI
325,-239.53125,-239.53125,-477.0,Outside of AOI
326,-239.53125,-239.53125,-478.5,Outside of AOI
327,-239.53125,-239.53125,-480.0,Outside of AOI
328,-239.53125,-239.53125,-481.5,Outside of AOI
329,-239.53125,-239.53125,-483.0,Outside of AOI
330,-239.53125,-239.53125,-484.5,Outside of AOI
331,-239.53125,-239.53125,-486.0,Outside of AOI
332,-239.53125,-239.53125,-487.5,Outside of AOI
333,-239.53125,-239.53125,-489.0,Outside of AOI
334,-239.53125,-239.53125,-490.5,Outside of AOI
335,-239.53125,-239.53125,-492.0,Outside of AOI
336,-239.53125,-239.53125,-493.5,Outside of AOI
337,-239.53125,-239.53125,-495.0,Outside of AOI
338,-239.53125,-239.53125,-496.5,Outside of AOI
339,-239.53125,-239.53125,-498.0,Outside of AOI
340,-239.53125,-239.53125,-499.5,Outside of AOI
341,-239.53125,-239.53125,-501.0,Outside of AOI
342,-239.53125,-239.53125,-502.5,Outside of AOI
343,-239.53125,-239.53125,-504.0,Outside of AOI
344,-239.53125,-239.53125,-505.5,Outside of AOI
345,-239.53125,-239.53125,-507.0,Outside of AOI
346,-239.53125,-239.53125,-508.5,Outside of AOI
347,-239.53125,-239.53125,-510.0,Outside of AOI
348,-239.53125,-239.53125,-511.5,Outside of AOI
349,-239.53125,-239.53125,-513.0,Outside of AOI
350,-239.53125,-239.53125,-514.5,Outside of AOI
351,-239.53125,-239.53125,-516.0,Outside of AOI
352,-239.53125,-239.53125,-517.5,Outside of AOI
353,-239.53125,-239.53125,-519.0,Outside of AOI
354,-239.53125,-239.53125,-520.5,Outside of AOI
355,-239.53125,-239.53125,-522.0,Outside of AOI
356,-239.53125,-239.53125,-523.5,Outside of AOI
357,-239.53125,-239.53125,-525.0,Outside of AOI
358,-239.53125,-239.53125,-526.5,Outside of AOI
359,-239.53125,-239.53125,-528.0,Outside of AOI
360,-239.53125,-239.53125,-529.5,Outside of AOI
361,-239.53125,-239.53125,-531.0,Outside of AOI
362,-239.53125,-239.53125,-532.5,Outside of AOI
363,-239.53125,-239.53125,-534.0,Outside of AOI
364,-239.53125,-239.53125,-535.5,Outside of AOI
365,-239.53125,-239.53125,-537.0,Outside of AOI
366,-239.53125,-239.53125,-538.5,Outside of AOI
367,-239.53125,-239.53125,-540.0,Outside of AOI
368,-239.53125,-239.53125,-541.5,Outside of AOI
369,-239.53125,-239.53125,-543.0,Outside of AOI
370,-239.53125,-239.53125,-544.5,Outside of AOI
371,-239.53125,-239.53125,-546.0,Outside of AOI
372,-239.53125,-239.53125,-547.5,Outside of AOI
373,-239.53125,-239.53125,-549.0,Outside of AOI
374,-239.53125,-239.53125,-550.5,Outside of AOI
375,-239.53125,-239.53125,-552.0,Outside of AOI
376,-239.53125,-239.53125,-553.5,Outside of AOI
377,-239.53125,-239.53125,-555.0,Outside of AOI
378,-239.53125,-239.53125,-556.5,Outside of AOI
379,-239.53125,-239.53125,-558.0,Outside of AOI
380,-239.53125,-239.53125,-559.5,Outside of AOI
381,-239.53125,-239.53125,-561.0,Outside of AOI
382,-239.53125,-239.53125,-562.5,Outside of AOI
383,-239.53125,-239.53125,-564.0,Outside of AOI
384,-239.53125,-239.53125,-565.5,Outside of AOI
385,-239.53125,-239.53125,-567.0,Outside of AOI
386,-239.53125,-239.53125,-568.5,Outside of AOI
387,-239.53125,-239.53125,-570.0,Outside of AOI
388,-239.53125,-239.53125,-571.5,Outside of AOI
389,-239.53125,-239.53125,-573.0,Outside of AOI
390,-239.53125,-239.53125,-574.5,Outside of AOI
391,-239.53125,-239.53125,-576.0,Outside of AOI
392,-239.53125,-239.53125,-577.5,Outside of AOI
393,-239.53125,-239.53125,-579.0,Outside of AOI
394,-239.53125,-239.53125,-580.5,Outside of AOI
395,-239.53125,-239.53125,-582.0,Outside of AOI
396,-239.53125,-239.53125,-583.5,Outside of AOI
397,-239.53125,-239.53125,-585.0,Outside of AOI
398,-239.53125,-239.53125,-586.5,Outside of AOI
399,-239.53125,-239.53125,-588.0,Outside of AOI
400,-239.53125,-239.53125,-589.5,Outside of AOI
401,-239.53125,-239.53125,-591.0,Outside of AOI
402,-239.53125,-239.53125,-592.5,Outside of AOI
403,-239.53125,-239.53125,-594.0,Outside of AOI
404,-239.53125,-239.53125,-595.5,Outside of AOI
405,-239.53125,-239.53125,-597.0,Outside of AOI
406,-239.53125,-239.53125,-598.5,Outside of AOI
407,-239.53125,-239.53125,-600.0,Outside of AOI
408,-239.53125,-239.53125,-601.5,Outside of AOI
409,-239.53125,-239.53125,-603.0,Outside of AOI
410,-239.53125,-239.53125,-604.5,Outside of AOI
411,-239.53125,-239.53125,-606.0,Outside of AOI
412,-239.53125,-239.53125,-607.5,Outside of AOI
413,-239.53125,-239.53125,-609.0,Outside of AOI
414,-239.53125,-239.53125,-610.5,Outside of AOI
415,-239.53125,-239.53125,-612.0,Outside of AOI
416,-239.53125,-239.53125,-613.5,Outside of AOI
417,-239.53125,-239.53125,-615.0,Outside of AOI
418,-239.53125,-239.53125,-616.5,Outside of AOI
419,-239.53125,-239.53125,-618.0,Outside of AOI
420,-239.53125,-239.53125,-619.5,Outside of AOI
421,-239.53125,-239.53125,-621.0,Outside of AOI
422,-239.53125,-239.53125,-622.5,Outside of AOI
423,-239.53125,-239.53125,-624.0,Outside of AOI
424,-239.53125,-239.53125,-625.5,Outside of AOI
425,-239.53125,-239.53125,-627.0,Outside of AOI
426,-239.53125,-239.53125,-629.0,Outside of AOI
427,-239.53125,-239.53125,-630.5,Outside of AOI
428,-239.53125,-239.53125,-632.0,Outside of AOI
429,-239.53125,-239.53125,-633.5,Outside of AOI
430,-239.53125,-239.53125,-635.0,Outside of AOI
431,-239.53125,-239.53125,-636.5,Outside of AOI
432,-239.53125,-239.53125,-638.0,Outside of AOI
433,-239.53125,-239.53125,-639.5,Outside of AOI
434,-239.53125,-239.53125,-641.0,Outside of AOI
435,-239.53125,-239.53125,-642.5,Outside of AOI
436,-239.53125,-239.53125,-644.0,Outside of AOI
437,-239.53125,-239.53125,-645.5,Outside of AOI
438,-239.53125,-239.53125,-647.0,Outside of AOI
439,-239.53125,-239.53125,-648.5,Outside of AOI
440,-239.53125,-239.53125,-650.0,Outside of AOI
441,-239.53125,-239.53125,-651.5,Outside of AOI
442,-239.53125,-239.53125,-653.0,Outside of AOI
443,-239.53125,-239.53125,-654.5,Outside of AOI
444,-239.53125,-239.53125,-656.0,Outside of AOI
445,-239.53125,-239.53125,-657.5,Outside of AOI
446,-239.53125,-239.53125,-659.0,Outside of AOI
447,-239.53125,-239.53125,-660.5,Outside of AOI
448,-239.53125,-239.53125,-662.0,Outside of AOI
449,-239.53125,-239.53125,-663.5,Outside of AOI
450,-239.53125,-239.53125,-665.0,Outside of AOI
451,-239.53125,-239.53125,-666.5,Outside of AOI
452,-239.53125,-239.53125,-668.0,Outside of AOI
453,-239.53125,-239.53125,-669.5,Outside of AOI
454,-239.53125,-239.53125,-671.0,Outside of AOI
455,-239.53125,-239.53125,-672.5,Outside of AOI
456,-239.53125,-239.53125,-674.0,Outside of AOI
457,-239.53125,-239.53125,-675.5,Outside of AOI
458,-239.53125,-239.53125,-677.0,Outside of AOI
459,-239.53125,-239.53125,-678.5,Outside of AOI
460,-239.53125,-239.53125,-680.0,Outside of AOI
461,-239.53125,-239.53125,-681.5,Outside of AOI
462,-239.53125,-239.53125,-683.0,Outside of AOI
463,-239.53125,-239.53125,-684.5,Outside of AOI
464,-239.53125,-239.53125,-686.0,Outside of AOI
465,-239.53125,-239.53125,-687.5,Outside of AOI
466,-239.53125,-239.53125,-689.0,Outside of AOI
467,-239.53125,-239.53125,-690.5,Outside of AOI
468,-239.53125,-239.53125,-692.0,Outside of AOI
469,-239.53125,-239.53125,-693.5,Outside of AOI
470,-239.53125,-239.53125,-695.0,Outside of AOI
471,-239.53125,-239.53125,-696.5,Outside of AOI
472,-239.53125,-239.53125,-698.0,Outside of AOI
473,-239.53125,-239.53125,-699.5,Outside of AOI
474,-239.53125,-239.53125,-701.0,Outside of AOI
475,-239.53125,-239.53125,-702.5,Outside of AOI
476,-239.53125,-239.53125,-704.0,Outside of AOI
477,-239.53125,-239.53125,-705.5,Outside of AOI
478,-239.53125,-239.53125,-707.0,Outside of AOI
479,-239.53125,-239.53125,-708.5,Outside of AOI
480,-239.53125,-239.53125,-710.0,Outside of AOI
481,-239.53125,-239.53125,-711.5,Outside of AOI
482,-239.53125,-239.53125,-713.0,Outside of AOI
483,-239.53125,-239.53125,-714.5,Outside of AOI
484,-239.53125,-239.53125,-716.0,Outside of AOI
485,-239.53125,-239.53125,-717.5,Outside of AOI
486,-239.53125,-239.53125,-719.0,Outside of AOI
487,-239.53125,-239.53125,-720.5,Outside of AOI
488,-239.53125,-239.53125,-722.0,Outside of AOI
489,-239.53125,-239.53125,-723.5,Outside of AOI
490,-239.53125,-239.53125,-725.0,Outside of AOI
491,-239.53125,-239.53125,-726.5,Outside of AOI
492,-239.53125,-239.53125,-728.0,Outside of AOI
493,-239.53125,-239.53125,-729.5,Outside of AOI
494,-239.53125,-239.53125,-731.0,Outside of AOI
495,-239.53125,-239.53125,-732.5,Outside of AOI
496,-239.53125,-239.53125,-734.0,Outside of AOI
497,-239.53125,-239.53125,-735.5,Outside of AOI
498,-239.53125,-239.53125,-737.0,Outside of AOI
499,-239.53125,-239.53125,-738.5,Outside of AOI
500,-239.53125,-239.53125,-740.0,Outside of AOI
501,-239.53125,-239.53125,-741.5,Outside of AOI
502,-239.53125,-239.53125,-743.0,Outside of AOI
503,-239.53125,-239.53125,-744.5,Outside of AOI
504,-239.53125,-239.53125,-746.0,Outside of AOI
505,-239.53125,-239.53125,-747.5,Outside of AOI
506,-239.53125,-239.53125,-749.0,Outside of AOI
507,-239.53125,-239.53125,-750.5,Outside of AOI
508,-239.53125,-239.53125,-752.0,Outside of AOI
509,-239.53125,-239.53125,-753.5,Outside of AOI
510,-239.53125,-239.53125,-755.0,Outside of AOI
511,-239.53125,-239.53125,-756.5,Outside of AOI
512,-239.53125,-239.53125,-758.0,Outside of AOI
513,-239.53125,-239.53125,-759.5,Outside of AOI
514,-239.53125,-239.53125,-761.0,Outside of AOI
515,-239.53125,-239.53125,-762.5,Outside of AOI
516,-239.53125,-239.53125,-764.0,Outside of AOI
517,-239.53125,-239.53125,-765.5,Outside of AOI
518,-239.53125,-239.53125,-767.0,Outside of AOI
519,-239.53125,-239.53125,-768.5,Outside of AOI
520,-239.53125,-239.53125,-770.0,Outside of AOI
521,-239.53125,-239.53125,-771.5,Outside of AOI
522,-239.53125,-239.53125,-773.0,Outside of AOI
523,-239.53125,-239.53125,-774.5,Outside of AOI
524,-239.53125,-239.53125,-776.0,Outside of AOI
525,-239.53125,-239.53125,-777.5,Outside of AOI
526,-239.53125,-239.53125,-779.0,Outside of AOI
527,-239.53125,-239.53125,-780.5,Outside of AOI
528,-239.53125,-239.53125,-782.0,Outside of AOI
529,-239.53125,-239.53125,-783.5,Outside of AOI
530,-239.53125,-239.53125,-785.0,Outside of AOI
531,-239.53125,-239.53125,-786.5,Outside of AOI
532,-239.53125,-239.53125,-788.0,Outside of AOI
533,-239.53125,-239.53125,-789.5,Outside of AOI
534,-239.53125,-239.53125,-791.0,Outside of AOI
535,-239.53125,-239.53125,-792.5,Outside of AOI
536,-239.53125,-239.53125,-794.0,Outside of AOI
537,-239.53125,-239.53125,-795.5,Outside of AOI
538,-239.53125,-239.53125,-797.0,Outside of AOI
539,-239.53125,-239.53125,-798.5,Outside of AOI
540,-239.53125,-239.53125,-800.0,Outside of AOI
541,-239.53125,-239.53125,-801.5,Outside of AOI
542,-239.53125,-239.53125,-803.0,Outside of AOI
543,-239.53125,-239.53125,-804.5,Outside of AOI
544,-239.53125,-239.53125,-806.0,Outside of AOI
545,-239.53125,-239.53125,-807.5,Outside of AOI
546,-239.53125,-239.53125,-809.0,Outside of AOI
547,-239.53125,-239.53125,-810.5,Outside of AOI
548,-239.53125,-239.53125,-812.0,Outside of AOI
549,-239.53125,-239.53125,-813.5,Outside of AOI
550,-239.53125,-239.53125,-815.0,Outside of AOI
551,-239.53125,-239.53125,-816.5,Outside of AOI
552,-239.53125,-239.53125,-818.0,Outside of AOI
553,-239.53125,-239.53125,-819.5,Outside of AOI
554,-239.53125,-239.53125,-821.0,Outside of AOI
555,-239.53125,-239.53125,-822.5,Outside of AOI
556,-239.53125,-239.53125,-824.0,Outside of AOI
557,-239.53125,-239.53125,-825.5,Outside of AOI
558,-239.53125,-239.53125,-827.0,Outside of AOI
559,-239.53125,-239.53125,-828.5,Outside of AOI
560,-239.53125,-239.53125,-830.0,Outside of AOI
561,-239.53125,-239.53125,-831.5,Outside of AOI
562,-239.53125,-239.53125,-833.0,Outside of AOI
563,-239.53125,-239.53125,-834.5,Outside of AOI
564,-239.53125,-239.53125,-836.0,Outside of AOI
565,-239.53125,-239.53125,-837.5,Outside of AOI
566,-239.53125,-239.53125,-839.0,Outside of AOI
567,-239.53125,-239.53125,-840.5,Outside of AOI
568,-239.53125,-239.53125,-842.0,Outside of AOI
569,-239.53125,-239.53125,-844.0,Outside of AOI
570,-239.53125,-239.53125,-845.5,Outside of AOI
571,-239.53125,-239.53125,-847.0,Outside of AOI
572,-239.53125,-239.53125,-848.5,Outside of AOI
573,-239.53125,-239.53125,-850.0,Outside of AOI
574,-239.53125,-239.53125,-851.5,Outside of AOI
575,-239.53125,-239.53125,-853.0,Outside of AOI
576,-239.53125,-239.53125,-854.5,Outside of AOI
577,-239.53125,-239.53125,-856.0,Outside of AOI
578,-239.53125,-239.53125,-857.5,Outside of AOI
579,-239.53125,-239.53125,-859.0,Outside of AOI
580,-239.53125,-239.53125,-860.5,Outside of AOI
581,-239.53125,-239.53125,-862.0,Outside of AOI
582,-239.53125,-239.53125,-863.5,Outside of AOI
583,-239.53125,-239.53125,-865.0,Outside of AOI
584,-239.53125,-239.53125,-866.5,Outside of AOI
585,-239.53125,-239.53125,-868.0,Outside of AOI
586,-239.53125,-239.53125,-869.5,Outside of AOI
587,-239.53125,-239.53125,-871.0,Outside of AOI
588,-239.53125,-239.53125,-872.5,Outside of AOI
589,-239.53125,-239.53125,-874.0,Outside of AOI
590,-239.53125,-239.53125,-875.5,Outside of AOI
591,-239.53125,-239.53125,-877.0,Outside of AOI
592,-239.53125,-239.53125,-878.5,Outside of AOI
593,-239.53125,-239.53125,-880.0,Outside of AOI
594,-239.53125,-239.53125,-881.5,Outside of AOI
595,-239.53125,-239.53125,-883.0,Outside of AOI
596,-239.53125,-239.53125,-884.5,Outside of AOI
597,-239.53125,-239.53125,-886.0,Outside of AOI
598,-239.53125,-239.53125,-887.5,Outside of AOI
599,-239.53125,-239.53125,-889.0,Outside of AOI
600,-239.53125,-239.53125,-890.5,Outside of AOI
601,-239.53125,-239.53125,-892.0,Outside of AOI
602,-239.53125,-239.53125,-893.5,Outside of AOI
603,-239.53125,-239.53125,-895.0,Outside of AOI
604,-239.53125,-239.53125,-896.5,Outside of AOI
605,-239.53125,-239.53125,-898.0,Outside of AOI
606,-239.53125,-239.53125,-899.5,Outside of AOI
607,-239.53125,-239.53125,-901.0,Outside of AOI
608,-239.53125,-239.53125,-902.5,Outside of AOI
609,-239.53125,-239.53125,-904.0,Outside of AOI
610,-239.53125,-239.53125,-905.5,Outside of AOI
611,-239.53125,-239.53125,-907.0,Outside of AOI
612,-239.53125,-239.53125,-908.5,Outside of AOI
613,-239.53125,-239.53125,-910.0,Outside of AOI
614,-239.53125,-239.53125,-911.5,Outside of AOI
615,-239.53125,-239.53125,-913.0,Outside of AOI
616,-239.53125,-239.53125,-914.5,Outside of AOI
617,-239.53125,-239.53125,-916.0,Outside of AOI
618,-239.53125,-239.53125,-917.5,Outside of AOI
619,-239.53125,-239.53125,-919.0,Outside of AOI
620,-239.53125,-239.53125,-920.5,Outside of AOI
621,-239.53125,-239.53125,-922.0,Outside of AOI
622,-239.53125,-239.53125,-923.5,Outside of AOI
623,-239.53125,-239.53125,-925.0,Outside of AOI
624,-239.53125,-239.53125,-926.5,Outside of AOI
625,-239.53125,-239.53125,-928.0,Outside of AOI
626,-239.53125,-239.53125,-929.5,Outside of AOI
627,-239.53125,-239.53125,-931.0,Outside of AOI
628,-239.53125,-239.53125,-932.5,Outside of AOI
629,-239.53125,-239.53125,-934.0,Outside of AOI
630,-239.53125,-239.53125,-935.5,Outside of AOI
631,-239.53125,-239.53125,-937.0,Outside of AOI
632,-239.53125,-239.53125,-938.5,Outside of AOI
633,-239.53125,-239.53125,-940.0,Outside of AOI
634,-239.53125,-239.53125,-941.5,Outside of AOI
635,-239.53125,-239.53125,-943.0,Outside of AOI
636,-239.53125,-239.53125,-944.5,Outside of AOI
637,-239.53125,-239.53125,-946.0,Outside of AOI
638,-239.53125,-239.53125,-947.5,Outside of AOI
639,-239.53125,-239.53125,-949.0,Outside of AOI
640,-239.53125,-239.53125,-950.5,Outside of AOI
641,-239.53125,-239.53125,-952.0,Outside of AOI
642,-239.53125,-239.53125,-953.5,Outside of AOI
643,-239.53125,-239.53125,-955.0,Outside of AOI
644,-239.53125,-239.53125,-956.5,Outside of AOI
645,-239.53125,-239.53125,-958.0,Outside of AOI
646,-239.53125,-239.53125,-959.5,Outside of AOI
647,-239.53125,-239.53125,-961.0,Outside of AOI
648,-239.53125,-239.53125,-962.5,Outside of AOI
649,-239.53125,-239.53125,-964.0,Outside of AOI
650,-239.53125,-239.53125,-965.5,Outside of AOI
651,-239.53125,-239.53125,-967.0,Outside of AOI
652,-239.53125,-239.53125,-968.5,Outside of AOI
653,-239.53125,-239.53125,-970.0,Outside of AOI
654,-239.53125,-239.53125,-971.5,Outside of AOI
655,-239.53125,-239.53125,-973.0,Outside of AOI
656,-239.53125,-239.53125,-974.5,Outside of AOI
657,-239.53125,-239.53125,-976.0,Outside of AOI
658,-239.53125,-239.53125,-977.5,Outside of AOI
659,-239.53125,-239.53125,-979.0,Outside of AOI
660,-239.53125,-239.53125,-980.5,Outside of AOI
661,-239.53125,-239.53125,-982.0,Outside of AOI
662,-239.53125,-239.53125,-983.5,Outside of AOI
663,-239.53125,-239.53125,-985.0,Outside of AOI
664,-239.53125,-239.53125,-986.5,Outside of AOI
665,-239.53125,-239.53125,-988.0,Outside of AOI
666,-239.53125,-239.53125,-989.5,Outside of AOI
667,-239.53125,-239.53125,-991.0,Outside of AOI
668,-239.53125,-239.53125,-992.5,Outside of AOI
669,-239.53125,-239.53125,-994.0,Outside of AOI
670,-239.53125,-239.53125,-995.5,Outside of AOI
671,-239.53125,-239.53125,-997.0,Outside of AOI
672,-239.53125,-239.53125,-998.5,Outside of AOI
673,-239.53125,-239.53125,-1000.0,Outside of AOI
674,-239.53125,-239.53125,-1001.5,Outside of AOI
675,-239.53125,-239.53125,-1003.0,Outside of AOI
676,-239.53125,-239.53125,-1004.5,Outside of AOI
677,-239.53125,-239.53125,-1006.0,Outside of AOI
678,-239.53125,-239.53125,-1007.5,Outside of AOI
679,-239.53125,-239.53125,-1009.0,Outside of AOI
680,-239.53125,-239.53125,-1010.5,Outside of AOI
681,-239.53125,-239.53125,-1012.0,Outside of AOI
682,-239.53125,-239.53125,-1013.5,Outside of AOI
683,-239.53125,-239.53125,-1015.0,Outside of AOI
684,-239.53125,-239.53125,-1016.5,Outside of AOI
685,-239.53125,-239.53125,-1018.0,Outside of AOI
686,-239.53125,-239.53125,-1019.5,Outside of AOI
687,-239.53125,-239.53125,-1021.0,Outside of AOI
688,-239.53125,-239.53125,-1022.5,Outside of AOI
689,-239.53125,-239.53125,-1024.0,Outside of AOI
690,-239.53125,-239.53125,-1025.5,Outside of AOI
691,-239.53125,-239.53125,-1027.0,Outside of AOI
692,-239.53125,-239.53125,-1028.5,Outside of AOI
693,-239.53125,-239.53125,-1030.0,Outside of AOI
694,-239.53125,-239.53125,-1031.5,Outside of AOI
695,-239.53125,-239.53125,-1033.0,Outside of AOI
696,-239.53125,-239.53125,-1034.5,Outside of AOI
697,-239.53125,-239.53125,-1036.0,Outside of AOI
698,-239.53125,-239.53125,-1037.5,Outside of AOI
699,-239.53125,-239.53125,-1039.0,Outside of AOI
700,-239.53125,-239.53125,-1040.5,Outside of AOI
701,-239.53125,-239.53125,-1042.0,Outside of AOI
702,-239.53125,-239.53125,-1043.5,Outside of AOI
703,-239.53125,-239.53125,-1045.0,Outside of AOI
704,-239.53125,-239.53125,-1046.5,Outside of AOI
705,-239.53125,-239.53125,-1048.0,Outside of AOI
706,-239.53125,-239.53125,-1049.5,Outside of AOI
707,-239.53125,-239.53125,-1051.0,Outside of AOI
708,-239.53125,-239.53125,-1052.5,Outside of AOI
709,-239.53125,-239.53125,-1054.0,Outside of AOI
710,-239.53125,-239.53125,-1055.5,Outside of AOI
711,-239.53125,-239.53125,-1057.0,Outside of AOI
712,-239.53125,-239.53125,-1059.0,Outside of AOI
713,-239.53125,-239.53125,-1060.5,Outside of AOI
714,-239.53125,-239.53125,-1062.0,Outside of AOI
715,-239.53125,-239.53125,-1063.5,Outside of AOI
716,-239.53125,-239.53125,-1065.0,Outside of AOI
717,-239.53125,-239.53125,-1066.5,Outside of AOI
718,-239.53125,-239.53125,-1068.0,Outside of AOI
719,-239.53125,-239.53125,-1069.5,Outside of AOI
720,-239.53125,-239.53125,-1071.0,Outside of AOI
721,-239.53125,-239.53125,-1072.5,Outside of AOI
722,-239.53125,-239.53125,-1074.0,Outside of AOI
723,-239.53125,-239.53125,-1075.5,Outside of AOI
724,-239.53125,-239.53125,-1077.0,Outside of AOI
725,-239.53125,-239.53125,-1078.5,Outside of AOI
726,-239.53125,-239.53125,-1080.0,Outside of AOI
727,-239.53125,-239.53125,-1081.5,Outside of AOI
728,-239.53125,-239.53125,-1083.0,Outside of AOI
729,-239.53125,-239.53125,-1084.5,Outside of AOI
730,-239.53125,-239.53125,-1086.0,Outside of AOI
731,-239.53125,-239.53125,-1087.5,Outside of AOI
732,-239.53125,-239.53125,-1089.0,Outside of AOI
733,-239.53125,-239.53125,-1090.5,Outside of AOI
734,-239.53125,-239.53125,-1092.0,Outside of AOI
735,-239.53125,-239.53125,-1093.5,Outside of AOI
736,-239.53125,-239.53125,-1095.0,Outside of AOI
737,-239.53125,-239.53125,-1096.5,Outside of AOI
738,-239.53125,-239.53125,-1098.0,Outside of AOI
739,-239.53125,-239.53125,-1099.5,Outside of AOI
740,-239.53125,-239.53125,-1101.0,Outside of AOI
741,-239.53125,-239.53125,-1102.5,Outside of AOI
742,-239.53125,-239.53125,-1104.0,Outside of AOI
743,-239.53125,-239.53125,-1105.5,Outside of AOI
744,-239.53125,-239.53125,-1107.0,Outside of AOI
745,-239.53125,-239.53125,-1108.5,Outside of AOI
746,-239.53125,-239.53125,-1110.0,Outside of AOI
747,-239.53125,-239.53125,-1111.5,Outside of AOI
748,-239.53125,-239.53125,-1113.0,Outside of AOI
749,-239.53125,-239.53125,-1114.5,Outside of AOI
750,-239.53125,-239.53125,-1116.0,Outside of AOI
751,-239.53125,-239.53125,-1117.5,Outside of AOI
752,-239.53125,-239.53125,-1119.0,Outside of AOI
753,-239.53125,-239.53125,-1120.5,Outside of AOI
754,-239.53125,-239.53125,-1122.0,Outside of AOI
755,-239.53125,-239.53125,-1123.5,Outside of AOI
756,-239.53125,-239.53125,-1125.0,Outside of AOI
757,-239.53125,-239.53125,-1126.5,Outside of AOI
758,-239.53125,-239.53125,-1128.0,Outside of AOI
759,-239.53125,-239.53125,-1129.5,Outside of AOI
760,-239.53125,-239.53125,-1131.0,Outside of AOI
761,-239.53125,-239.53125,-1132.5,Outside of AOI
762,-239.53125,-239.53125,-1134.0,Outside of AOI
763,-239.53125,-239.53125,-1135.5,Outside of AOI
764,-239.53125,-239.53125,-1137.0,Outside of AOI
765,-239.53125,-239.53125,-1138.5,Outside of AOI
766,-239.53125,-239.53125,-1140.0,Outside of AOI
767,-239.53125,-239.53125,-1141.5,Outside of AOI
768,-239.53125,-239.53125,-1143.0,AOI
769,-239.53125,-239.53125,-1144.5,AOI
770,-239.53125,-239.53125,-1146.0,AOI
771,-239.53125,-239.53125,-1147.5,AOI
772,-239.53125,-239.53125,-1149.0,AOI
773,-239.53125,-239.53125,-1150.5,AOI
774,-239.53125,-239.53125,-1152.0,AOI
775,-239.53125,-239.53125,-1153.5,AOI
776,-239.53125,-239.53125,-1155.0,AOI
777,-239.53125,-239.53125,-1156.5,AOI
778,-239.53125,-239.53125,-1158.0,Outside of AOI
779,-239.53125,-239.53125,-1159.5,AOI
780,-239.53125,-239.53125,-1161.0,AOI
781,-239.53125,-239.53125,-1162.5,AOI
782,-239.53125,-239.53125,-1164.0,AOI
783,-239.53125,-239.53125,-1165.5,AOI
784,-239.53125,-239.53125,-1167.0,AOI
785,-239.53125,-239.53125,-1168.5,AOI
786,-239.53125,-239.53125,-1170.0,AOI
787,-239.53125,-239.53125,-1171.5,AOI
788,-239.53125,-239.53125,-1173.0,AOI
789,-239.53125,-239.53125,-1174.5,AOI
790,-239.53125,-239.53125,-1176.0,AOI
791,-239.53125,-239.53125,-1177.5,AOI
792,-239.53125,-239.53125,-1179.0,AOI
793,-239.53125,-239.53125,-1180.5,AOI
794,-239.53125,-239.53125,-1182.0,AOI
795,-239.53125,-239.53125,-1183.5,AOI
796,-239.53125,-239.53125,-1185.0,AOI
797,-239.53125,-239.53125,-1186.5,AOI
798,-239.53125,-239.53125,-1188.0,AOI
799,-239.53125,-239.53125,-1189.5,AOI
800,-239.53125,-239.53125,-1191.0,AOI
801,-239.53125,-239.53125,-1192.5,Outside of AOI
802,-239.53125,-239.53125,-1194.0,AOI
803,-239.53125,-239.53125,-1195.5,AOI
804,-239.53125,-239.53125,-1197.0,AOI
805,-239.53125,-239.53125,-1198.5,AOI
806,-239.53125,-239.53125,-1200.0,Outside of AOI
807,-239.53125,-239.53125,-1201.5,Outside of AOI
808,-239.53125,-239.53125,-1203.0,AOI
809,-239.53125,-239.53125,-1204.5,Outside of AOI
810,-239.53125,-239.53125,-1206.0,Outside of AOI
811,-239.53125,-239.53125,-1207.5,AOI
812,-239.53125,-239.53125,-1209.0,Outside of AOI
813,-239.53125,-239.53125,-1210.5,AOI
814,-239.53125,-239.53125,-1212.0,AOI
815,-239.53125,-239.53125,-1213.5,Outside of AOI
816,-239.53125,-239.53125,-1215.0,AOI
817,-239.53125,-239.53125,-1216.5,AOI
818,-239.53125,-239.53125,-1218.0,Outside of AOI
819,-239.53125,-239.53125,-1219.5,Outside of AOI
820,-239.53125,-239.53125,-1221.0,AOI
821,-239.53125,-239.53125,-1222.5,Outside of AOI
822,-239.53125,-239.53125,-1224.0,Outside of AOI
823,-239.53125,-239.53125,-1225.5,AOI
824,-239.53125,-239.53125,-1227.0,Outside of AOI
825,-239.53125,-239.53125,-1228.5,AOI
826,-239.53125,-239.53125,-1230.0,Outside of AOI
827,-239.53125,-239.53125,-1231.5,Outside of AOI
828,-239.53125,-239.53125,-1233.0,AOI
829,-239.53125,-239.53125,-1234.5,Outside of AOI
830,-239.53125,-239.53125,-1236.0,AOI
831,-239.53125,-239.53125,-1237.5,Outside of AOI
832,-239.53125,-239.53125,-1239.0,Outside of AOI
833,-239.53125,-239.53125,-1240.5,AOI
834,-239.53125,-239.53125,-1242.0,Outside of AOI
835,-239.53125,-239.53125,-1243.5,Outside of AOI
836,-239.53125,-239.53125,-1245.0,AOI
837,-239.53125,-239.53125,-1246.5,AOI
838,-239.53125,-239.53125,-1248.0,AOI
839,-239.53125,-239.53125,-1249.5,Outside of AOI
840,-239.53125,-239.53125,-1251.0,AOI
841,-239.53125,-239.53125,-1252.5,AOI
842,-239.53125,-239.53125,-1254.0,Outside of AOI
843,-239.53125,-239.53125,-1255.5,AOI
844,-239.53125,-239.53125,-1257.0,Outside of AOI
845,-239.53125,-239.53125,-1258.5,AOI
846,-239.53125,-239.53125,-1260.0,Outside of AOI
847,-239.53125,-239.53125,-1261.5,Outside of AOI
848,-239.53125,-239.53125,-1263.0,AOI
849,-239.53125,-239.53125,-1264.5,Outside of AOI
850,-239.53125,-239.53125,-1266.0,AOI
851,-239.53125,-239.53125,-1267.5,AOI
852,-239.53125,-239.53125,-1269.0,Outside of AOI
853,-239.53125,-239.53125,-1270.5,AOI
854,-239.53125,-239.53125,-1272.0,Outside of AOI
855,-239.53125,-239.53125,-1274.0,Outside of AOI
856,-239.53125,-239.53125,-1275.5,AOI
857,-239.53125,-239.53125,-1277.0,AOI
858,-239.53125,-239.53125,-1278.5,Outside of AOI
859,-239.53125,-239.53125,-1280.0,AOI
860,-239.53125,-239.53125,-1281.5,Outside of AOI
861,-239.53125,-239.53125,-1283.0,AOI
862,-239.53125,-239.53125,-1284.5,Outside of AOI
863,-239.53125,-239.53125,-1286.0,AOI
864,-239.53125,-239.53125,-1287.5,AOI
865,-239.53125,-239.53125,-1289.0,Outside of AOI
866,-239.53125,-239.53125,-1290.5,AOI
867,-239.53125,-239.53125,-1292.0,Outside of AOI
868,-239.53125,-239.53125,-1293.5,AOI
869,-239.53125,-239.53125,-1295.0,Outside of AOI
870,-239.53125,-239.53125,-1296.5,AOI
871,-239.53125,-239.53125,-1298.0,AOI
872,-239.53125,-239.53125,-1299.5,Outside of AOI
873,-239.53125,-239.53125,-1301.0,AOI
874,-239.53125,-239.53125,-1302.5,Outside of AOI
875,-239.53125,-239.53125,-1304.0,AOI
876,-239.53125,-239.53125,-1305.5,Outside of AOI
877,-239.53125,-239.53125,-1307.0,AOI
878,-239.53125,-239.53125,-1308.5,AOI
879,-239.53125,-239.53125,-1310.0,AOI
880,-239.53125,-239.53125,-1311.5,AOI
881,-239.53125,-239.53125,-1313.0,Outside of AOI
882,-239.53125,-239.53125,-1314.5,AOI
883,-239.53125,-239.53125,-1316.0,Outside of AOI
884,-239.53125,-239.53125,-1317.5,AOI
885,-239.53125,-239.53125,-1319.0,AOI
886,-239.53125,-239.53125,-1320.5,Outside of AOI
887,-239.53125,-239.53125,-1322.0,AOI
888,-239.53125,-239.53125,-1323.5,AOI
889,-239.53125,-239.53125,-1325.0,Outside of AOI
890,-239.53125,-239.53125,-1326.5,AOI
891,-239.53125,-239.53125,-1328.0,Outside of AOI
892,-239.53125,-239.53125,-1329.5,Outside of AOI
893,-239.53125,-239.53125,-1331.0,AOI
894,-239.53125,-239.53125,-1332.5,Outside of AOI
895,-239.53125,-239.53125,-1334.0,AOI
896,-239.53125,-239.53125,-1335.5,AOI
897,-239.53125,-239.53125,-1337.0,Outside of AOI
898,-239.53125,-239.53125,-1338.5,AOI
899,-239.53125,-239.53125,-1340.0,Outside of AOI
900,-239.53125,-239.53125,-1341.5,AOI
901,-239.53125,-239.53125,-1343.0,AOI
902,-239.53125,-239.53125,-1344.5,Outside of AOI
903,-239.53125,-239.53125,-1346.0,AOI
904,-239.53125,-239.53125,-1347.5,Outside of AOI
905,-239.53125,-239.53125,-1349.0,Outside of AOI
906,-239.53125,-239.53125,-1350.5,AOI
907,-239.53125,-239.53125,-1352.0,Outside of AOI
908,-239.53125,-239.53125,-1353.5,AOI
909,-239.53125,-239.53125,-1355.0,AOI
910,-239.53125,-239.53125,-1356.5,Outside of AOI
911,-239.53125,-239.53125,-1358.0,AOI
912,-239.53125,-239.53125,-1359.5,AOI
913,-239.53125,-239.53125,-1361.0,Outside of AOI
914,-239.53125,-239.53125,-1362.5,AOI
915,-239.53125,-239.53125,-1364.0,Outside of AOI
916,-239.53125,-239.53125,-1365.5,AOI
917,-239.53125,-239.53125,-1367.0,AOI
918,-239.53125,-239.53125,-1368.5,Outside of AOI
919,-239.53125,-239.53125,-1370.0,AOI
920,-239.53125,-239.53125,-1371.5,Outside of AOI
921,-239.53125,-239.53125,-1373.0,AOI
922,-239.53125,-239.53125,-1374.5,AOI
923,-239.53125,-239.53125,-1376.0,Outside of AOI
924,-239.53125,-239.53125,-1377.5,AOI
925,-239.53125,-239.53125,-1379.0,Outside of AOI
926,-239.53125,-239.53125,-1380.5,Outside of AOI
927,-239.53125,-239.53125,-1382.0,AOI
928,-239.53125,-239.53125,-1383.5,Outside of AOI
929,-239.53125,-239.53125,-1385.0,AOI
930,-239.53125,-239.53125,-1386.5,Outside of AOI
931,-239.53125,-239.53125,-1388.0,Outside of AOI
932,-239.53125,-239.53125,-1389.5,AOI
933,-239.53125,-239.53125,-1391.0,Outside of AOI
934,-239.53125,-239.53125,-1392.5,AOI
935,-239.53125,-239.53125,-1394.0,AOI
936,-239.53125,-239.53125,-1395.5,Outside of AOI
937,-239.53125,-239.53125,-1397.0,AOI
938,-239.53125,-239.53125,-1398.5,AOI
939,-239.53125,-239.53125,-1400.0,Outside of AOI
940,-239.53125,-239.53125,-1401.5,AOI
941,-239.53125,-239.53125,-1403.0,Outside of AOI
942,-239.53125,-239.53125,-1404.5,AOI
943,-239.53125,-239.53125,-1406.0,AOI
944,-239.53125,-239.53125,-1407.5,Outside of AOI
945,-239.53125,-239.53125,-1409.0,AOI
946,-239.53125,-239.53125,-1410.5,Outside of AOI
947,-239.53125,-239.53125,-1412.0,Outside of AOI
948,-239.53125,-239.53125,-1413.5,AOI
949,-239.53125,-239.53125,-1415.0,Outside of AOI
950,-239.53125,-239.53125,-1416.5,AOI
951,-239.53125,-239.53125,-1418.0,Outside of AOI
952,-239.53125,-239.53125,-1419.5,Outside of AOI
953,-239.53125,-239.53125,-1421.0,AOI
954,-239.53125,-239.53125,-1422.5,Outside of AOI
955,-239.53125,-239.53125,-1424.0,AOI
956,-239.53125,-239.53125,-1425.5,Outside of AOI
957,-239.53125,-239.53125,-1427.0,AOI
958,-239.53125,-239.53125,-1428.5,Outside of AOI
959,-239.53125,-239.53125,-1430.0,AOI
960,-239.53125,-239.53125,-1431.5,AOI
961,-239.53125,-239.53125,-1433.0,Outside of AOI
962,-239.53125,-239.53125,-1434.5,AOI
963,-239.53125,-239.53125,-1436.0,AOI
964,-239.53125,-239.53125,-1437.5,Outside of AOI
965,-239.53125,-239.53125,-1439.0,AOI
966,-239.53125,-239.53125,-1440.5,Outside of AOI
967,-239.53125,-239.53125,-1442.0,AOI
968,-239.53125,-239.53125,-1443.5,AOI
969,-239.53125,-239.53125,-1445.0,AOI
970,-239.53125,-239.53125,-1446.5,AOI
971,-239.53125,-239.53125,-1448.0,Outside of AOI
972,-239.53125,-239.53125,-1449.5,Outside of AOI
973,-239.53125,-239.53125,-1451.0,AOI
974,-239.53125,-239.53125,-1452.5,AOI
975,-239.53125,-239.53125,-1454.0,AOI
976,-239.53125,-239.53125,-1455.5,AOI
977,-239.53125,-239.53125,-1457.0,Outside of AOI
978,-239.53125,-239.53125,-1458.5,AOI
979,-239.53125,-239.53125,-1460.0,Outside of AOI
980,-239.53125,-239.53125,-1461.5,AOI
981,-239.53125,-239.53125,-1463.0,AOI
982,-239.53125,-239.53125,-1464.5,AOI
983,-239.53125,-239.53125,-1466.0,AOI
984,-239.53125,-239.53125,-1467.5,AOI
985,-239.53125,-239.53125,-1469.0,AOI
986,-239.53125,-239.53125,-1470.5,AOI
987,-239.53125,-239.53125,-1472.0,Outside of AOI
988,-239.53125,-239.53125,-1473.5,AOI
989,-239.53125,-239.53125,-1475.0,Outside of AOI
990,-239.53125,-239.53125,-1476.5,AOI
991,-239.53125,-239.53125,-1478.0,AOI
992,-239.53125,-239.53125,-1479.5,AOI
993,-239.53125,-239.53125,-1481.0,AOI
994,-239.53125,-239.53125,-1482.5,AOI
995,-239.53125,-239.53125,-1484.0,AOI
996,-239.53125,-239.53125,-1485.5,AOI
997,-239.53125,-239.53125,-1487.0,AOI
998,-239.53125,-239.53125,-1488.5,AOI
999,-239.53125,-239.53125,-1490.0,AOI
1000,-239.53125,-239.53125,-1491.5,AOI
1001,-239.53125,-239.53125,-1493.0,AOI
1002,-239.53125,-239.53125,-1494.5,Outside of AOI
1003,-239.53125,-239.53125,-1496.0,Outside of AOI
1004,-239.53125,-239.53125,-1497.5,Outside of AOI
1005,-239.53125,-239.53125,-1499.0,Outside of AOI
1006,-239.53125,-239.53125,-1500.5,Outside of AOI
1007,-239.53125,-239.53125,-1502.0,Outside of AOI
1008,-239.53125,-239.53125,-1503.5,Outside of AOI
1009,-239.53125,-239.53125,-1505.0,Outside of AOI
1010,-239.53125,-239.53125,-1506.5,Outside of AOI
1011,-239.53125,-239.53125,-1508.0,Outside of AOI
1012,-239.53125,-239.53125,-1509.5,Outside of AOI
1013,-239.53125,-239.53125,-1511.0,Outside of AOI
1014,-239.53125,-239.53125,-1512.5,Outside of AOI
